State,County,Male
Alabama,Autauga County,48.7
Alabama,Blount County,49.5
Alabama,Chambers County,47.8
Alabama,Chilton County,49.5
Alabama,Colbert County,48.1
Alabama,Dale County,49.4
Alabama,Elmore County,48.8
Alabama,Hale County,47.4
Alabama,Lawrence County,48.9
Alabama,Limestone County,50.6
Alabama,Monroe County,48.2
Alabama,Pickens County,47.7
Alabama,Talladega County,48.7
Alaska,Bethel Census Area,52.3
Alaska,Hoonah-Angoon Census Area,54.2
Alaska,Kenai Peninsula Borough,52.4
Alaska,Kodiak Island Borough,53
Alaska,Lake and Peninsula Borough,52.7
Alaska,Nome Census Area,53.3
Alaska,Northwest Arctic Borough,53.6
Alaska,Prince of Wales-Hyder Census Area,55.2
Arkansas,Van Buren County,49.9
Arkansas,White County,49
California,Amador County,54.5
California,Glenn County,50.5
California,Lake County,50.2
California,Mariposa County,50.8
California,Napa County,49.9
California,Shasta County,49.2
California,Stanislaus County,49.5
California,Yuba County,50.4
Colorado,Alamosa County,50.1
Colorado,Boulder County,50.2
Colorado,Broomfield County,49.6
Colorado,Crowley County,72.1
Colorado,Denver County,50
Colorado,Douglas County,49.5
Colorado,Gilpin County,53
Colorado,Gunnison County,54.2
Colorado,Huerfano County,49.6
Colorado,Las Animas County,51.3
Colorado,Montrose County,49.2
Colorado,Phillips County,48.9
Colorado,Pueblo County,49.2
Colorado,San Juan County,56.1
Colorado,Weld County,50
Connecticut,Windham County,49.6
Florida,Alachua County,48.4
Florida,Columbia County,51.8
Florida,Flagler County,48.1
Florida,Highlands County,48.9
Florida,Holmes County,53.2
Florida,Lafayette County,61.8
Florida,Liberty County,60.9
Florida,Marion County,48
Florida,Monroe County,53.3
Florida,Okeechobee County,53.6
Florida,Putnam County,49.6
Florida,Suwannee County,50.4
Georgia,Atkinson County,50.6
Georgia,Baker County,48.5
Georgia,Barrow County,49.3
Georgia,Bleckley County,47.6
Georgia,Butts County,52.9
Georgia,Candler County,49.4
Georgia,Chattooga County,51.9
Georgia,Clarke County,47.5
Georgia,Colquitt County,49.6
Georgia,Cook County,48.6
Georgia,Decatur County,48.9
Georgia,Emanuel County,48.8
Georgia,Fayette County,48.3
Georgia,Gilmer County,50
Alaska,Valdez-Cordova Census Area,53.4
Alaska,Wade Hampton Census Area,52.9
Arizona,Cochise County,51
Arizona,Maricopa County,49.5
Arkansas,Arkansas County,48.5
Arkansas,Boone County,49
Arkansas,Clark County,47.7
Arkansas,Conway County,49.5
Arkansas,Drew County,48.5
Arkansas,Garland County,48.5
Arkansas,Howard County,48.3
Arkansas,Johnson County,49.6
Arkansas,Lonoke County,49.2
Arkansas,Montgomery County,49.9
Arkansas,Newton County,50.5
Arkansas,Poinsett County,48.6
Arkansas,St. Francis County,54.5
Arkansas,Searcy County,49.8
Georgia,Wheeler County,61.7
Georgia,Whitfield County,49.8
Georgia,Wilkinson County,47.9
Hawaii,Maui County,50.1
Idaho,Boise County,52.2
Idaho,Boundary County,50.6
Idaho,Gem County,49.5
Idaho,Jefferson County,50.2
Idaho,Latah County,51.5
Idaho,Minidoka County,50.6
Idaho,Teton County,52.3
Illinois,Bond County,52.3
Illinois,Brown County,64.1
Illinois,Champaign County,49.9
Illinois,Coles County,48.2
Illinois,Cumberland County,49.9
Illinois,Effingham County,49.7
Illinois,Franklin County,48.9
Illinois,Hamilton County,48.8
Illinois,Henderson County,49.3
Illinois,Iroquois County,48.9
Illinois,Johnson County,55.8
Illinois,Knox County,50.2
Illinois,Livingston County,50.1
Illinois,Marion County,48.6
Illinois,Menard County,48.7
Illinois,Moultrie County,48.6
Illinois,Perry County,54.2
Illinois,Putnam County,50.5
Illinois,Schuyler County,52.1
Illinois,Stark County,48.8
Illinois,Tazewell County,49.3
Illinois,Wayne County,49.3
Illinois,Woodford County,49.4
Indiana,Benton County,49.5
Indiana,Cass County,50
Indiana,Daviess County,49.8
Indiana,Dubois County,49.2
Indiana,Franklin County,50
Indiana,Hamilton County,48.8
Indiana,Howard County,48.1
Indiana,Jennings County,50.1
Indiana,Kosciusko County,49.7
Indiana,Madison County,50
Indiana,Martin County,50.5
Indiana,Noble County,50
Indiana,Ohio County,49.5
Indiana,Pulaski County,50.5
Indiana,Ripley County,49.3
Indiana,Starke County,49.4
Indiana,Tipton County,49.2
Indiana,Warrick County,49.3
Indiana,Wells County,49.2
Indiana,Whitley County,49.7
Iowa,Benton County,50
Iowa,Bremer County,48.9
Iowa,Calhoun County,48.6
Iowa,Cherokee County,49.3
Iowa,Clarke County,49.8
Georgia,Glascock County,48.2
Georgia,Gordon County,49.4
Georgia,Grady County,48.4
Georgia,Hall County,49.9
Georgia,Jackson County,49.6
Georgia,Jones County,48.4
Georgia,Laurens County,47.6
Georgia,Lumpkin County,49.7
Georgia,Marion County,49.2
Georgia,Miller County,47.8
Georgia,Newton County,47.6
Georgia,Peach County,48.4
Georgia,Polk County,49.5
Georgia,Randolph County,46
Georgia,Seminole County,47.4
Georgia,Taliaferro County,49
Georgia,Tift County,47.9
Georgia,Troup County,48.1
Georgia,Upson County,48
Georgia,Washington County,51
Kansas,Clay County,49.5
Kansas,Cloud County,48.9
Kansas,Decatur County,50.1
Kansas,Elk County,49.5
Kansas,Graham County,48.9
Kansas,Hamilton County,50.7
Kansas,Jackson County,50.1
Kansas,Kingman County,49.6
Kansas,Lincoln County,49.9
Kansas,Marion County,50.3
Kansas,Morris County,49.9
Kansas,Ness County,50.2
Kansas,Pawnee County,55.5
Kansas,Reno County,50.1
Kansas,Rooks County,48.9
Kansas,Sedgwick County,49.4
Kansas,Stafford County,49.8
Kansas,Trego County,49.4
Kansas,Wichita County,51.2
Kansas,Wilson County,49.1
Kentucky,Adair County,49.4
Kentucky,Allen County,49.1
Kentucky,Bell County,48.6
Kentucky,Breathitt County,50
Kentucky,Butler County,50.1
Kentucky,Carter County,49.8
Kentucky,Edmonson County,49.9
Kentucky,Estill County,49.3
Kentucky,Gallatin County,50.2
Kentucky,Grant County,49.9
Kentucky,Hart County,49.5
Kentucky,Hopkins County,48.6
Kentucky,Kenton County,49.4
Kentucky,Lee County,54.8
Kentucky,Logan County,48.9
Kentucky,Madison County,48.6
Kentucky,Metcalfe County,49.6
Kentucky,Montgomery County,48.8
Kentucky,Nelson County,49.2
Kentucky,Ohio County,50
Kentucky,Owen County,49.7
Kentucky,Powell County,49.7
Kentucky,Rockcastle County,49.1
Kentucky,Trigg County,49.1
Kentucky,Webster County,49.7
Louisiana,Allen Parish,56.2
Louisiana,Bienville Parish,48.2
Louisiana,Claiborne Parish,55.9
Louisiana,Iberville Parish,51
Louisiana,Lafayette Parish,48.8
Louisiana,Livingston Parish,49.5
Louisiana,Pointe Coupee Parish,48.5
Louisiana,St. Charles Parish,49.4
Louisiana,St. James Parish,48.9
Louisiana,Union Parish,49.4
Iowa,Clinton County,49.2
Iowa,Crawford County,50.8
Iowa,Delaware County,50
Iowa,Emmet County,49.9
Iowa,Floyd County,49
Iowa,Hamilton County,49.7
Iowa,Henry County,51.2
Iowa,Iowa County,49.3
Iowa,Jones County,51.9
Iowa,Linn County,49.2
Iowa,Madison County,49.7
Iowa,Marion County,49.7
Iowa,Montgomery County,48.5
Iowa,O'Brien County,49.8
Iowa,Pocahontas County,49.7
Iowa,Sac County,48.9
Iowa,Story County,51.8
Iowa,Union County,48.7
Iowa,Warren County,48.7
Iowa,Worth County,49.8
Kansas,Atchison County,48.7
Kansas,Butler County,50.4
Michigan,Hillsdale County,49.6
Michigan,Ionia County,53.7
Michigan,Isabella County,48.7
Michigan,Kalamazoo County,49
Michigan,Kent County,49
Michigan,Livingston County,50
Michigan,Mackinac County,50.5
Michigan,Marquette County,50.5
Michigan,Midland County,49.1
Michigan,Missaukee County,50.9
Michigan,Newaygo County,50.3
Michigan,Osceola County,49.8
Michigan,Roscommon County,49.9
Michigan,Shiawassee County,49.4
Michigan,Washtenaw County,49.3
Michigan,Wexford County,49.8
Minnesota,Benton County,50.1
Minnesota,Cottonwood County,49.3
Minnesota,Dodge County,50
Minnesota,Douglas County,50.1
Minnesota,Grant County,49.4
Minnesota,Hubbard County,50.4
Minnesota,Kandiyohi County,49.9
Minnesota,Lac qui Parle County,50
Minnesota,Le Sueur County,50.5
Minnesota,Lyon County,49.7
Minnesota,Meeker County,50.8
Minnesota,Murray County,49.6
Minnesota,Otter Tail County,50.1
Minnesota,Pope County,50.5
Minnesota,Renville County,50.5
Minnesota,Sherburne County,51.2
Minnesota,Steele County,49.5
Minnesota,Wadena County,49.3
Minnesota,Watonwan County,50.1
Mississippi,Alcorn County,48.9
Mississippi,Benton County,49.1
Mississippi,Choctaw County,47.9
Mississippi,Covington County,48.6
Mississippi,Greene County,59.1
Mississippi,Itawamba County,48.9
Mississippi,Jefferson Davis County,47.8
Mississippi,Kemper County,48.9
Louisiana,Webster Parish,48.6
Louisiana,West Baton Rouge Parish,49.2
Maine,Hancock County,49
Maine,Piscataquis County,49.6
Maine,Washington County,49.3
Maryland,Calvert County,49.3
Maryland,Carroll County,49.4
Maryland,Charles County,48.3
Maryland,Howard County,49
Maryland,Kent County,47.7
Maryland,St. Mary's County,49.8
Maryland,Somerset County,53.4
Massachusetts,Barnstable County,47.6
Massachusetts,Franklin County,48.8
Michigan,Antrim County,49.5
Michigan,Branch County,52.7
Michigan,Clare County,49.9
Michigan,Crawford County,50.2
Michigan,Eaton County,48.8
Michigan,Gladwin County,50
Missouri,Iron County,49.4
Missouri,Jasper County,48.8
Missouri,Knox County,49.2
Missouri,Linn County,48.1
Missouri,Madison County,49.1
Missouri,Marion County,48.1
Missouri,Moniteau County,52.7
Missouri,Morgan County,49.8
Missouri,Perry County,49.9
Missouri,Pulaski County,55.9
Missouri,St. Clair County,50.5
Missouri,Saline County,49.5
Missouri,Sullivan County,51.1
Missouri,Washington County,51.3
Missouri,Webster County,50.5
Montana,Cascade County,49.9
Montana,Golden Valley County,52.4
Montana,Lake County,49.5
Montana,Madison County,52
Montana,Pondera County,48.3
Montana,Silver Bow County,50.5
Montana,Treasure County,51.4
Montana,Wheatland County,49.3
Nebraska,Adams County,49.7
Nebraska,Blaine County,51.7
Nebraska,Butler County,50.2
Nebraska,Clay County,50.1
Nebraska,Colfax County,51.6
Nebraska,Dawson County,50.5
Nebraska,Fillmore County,49.1
Nebraska,Frontier County,50.8
Nebraska,Grant County,54.7
Nebraska,Hall County,50
Nebraska,Johnson County,57.8
Nebraska,Kearney County,49.1
Nebraska,Logan County,49.9
Nebraska,McPherson County,51.4
Nebraska,Nance County,50.1
Nebraska,Pawnee County,49.7
Nebraska,Pierce County,50.5
Nebraska,Polk County,49.9
Nebraska,Saline County,50.3
Nebraska,Sherman County,49.1
Nebraska,Stanton County,49.5
Nebraska,Valley County,49.5
Nebraska,Wheeler County,50.4
Nevada,Eureka County,52.7
Nevada,Pershing County,63.2
Nevada,White Pine County,56.6
New Jersey,Camden County,48.2
New Jersey,Gloucester County,48.6
New Jersey,Passaic County,48.5
New Mexico,Bernalillo County,49
Mississippi,Lauderdale County,48.2
Mississippi,Leake County,51.9
Mississippi,Leflore County,48
Mississippi,Marion County,48.3
Mississippi,Neshoba County,48
Mississippi,Perry County,48.8
Mississippi,Quitman County,47.8
Mississippi,Stone County,50.1
Mississippi,Tate County,48.3
Mississippi,Webster County,48.6
Mississippi,Winston County,48.1
Missouri,Audrain County,46.2
Missouri,Bollinger County,50
Missouri,Camden County,49.7
Missouri,Carter County,48.8
Missouri,Christian County,48.6
Missouri,Crawford County,49.8
Missouri,Dent County,49.6
Missouri,Howard County,49.7
North Carolina,Alamance County,47.6
North Carolina,Alleghany County,49.6
North Carolina,Bladen County,48
North Carolina,Buncombe County,48.2
North Carolina,Caldwell County,49.2
North Carolina,Clay County,49.3
North Carolina,Dare County,50
North Carolina,Davidson County,49
North Carolina,Forsyth County,47.5
North Carolina,Guilford County,47.6
North Carolina,Hertford County,48.9
North Carolina,Jones County,48.1
North Carolina,Martin County,46.7
North Carolina,Nash County,48.3
North Carolina,Pender County,50
North Carolina,Randolph County,49.3
North Carolina,Scotland County,48.3
North Carolina,Vance County,46.9
North Carolina,Wake County,48.7
North Dakota,Barnes County,49.6
North Dakota,Billings County,53.3
North Dakota,Cavalier County,51.2
North Dakota,Foster County,50.1
North Dakota,Grand Forks County,51.4
North Dakota,LaMoure County,51.2
North Dakota,Mountrail County,54.5
North Dakota,Ransom County,50.8
North Dakota,Rolette County,49.5
North Dakota,Steele County,51.1
North Dakota,Towner County,50.9
Ohio,Allen County,50.4
Ohio,Brown County,49.6
Ohio,Clinton County,49
Ohio,Defiance County,49.2
Ohio,Fayette County,49.2
Ohio,Geauga County,49.2
Ohio,Guernsey County,49
Ohio,Hancock County,48.5
Ohio,Knox County,48.8
Ohio,Logan County,49.3
Ohio,Madison County,54.6
Ohio,Miami County,49.2
Ohio,Muskingum County,48.4
Ohio,Pike County,49.6
Ohio,Putnam County,50
Ohio,Seneca County,49.9
Ohio,Tuscarawas County,49.1
Ohio,Wayne County,49.4
Ohio,Wood County,48.9
Oklahoma,Beckham County,53.5
Oklahoma,Carter County,48.8
Oklahoma,Coal County,49.4
Oklahoma,Custer County,49.6
Oklahoma,Garfield County,49.3
Oklahoma,Greer County,56.7
New Mexico,Eddy County,49.9
New Mexico,Guadalupe County,56.5
New Mexico,Lincoln County,49.1
New Mexico,Socorro County,51.3
New York,Allegany County,50.5
New York,Chenango County,49.8
New York,Genesee County,49.5
New York,Herkimer County,48.9
New York,Lewis County,50.3
New York,Oneida County,49.8
New York,Otsego County,48.4
New York,Saratoga County,49.2
New York,Steuben County,49.6
New York,Warren County,48.8
New York,Yates County,48.4
Pennsylvania,Blair County,48.6
Pennsylvania,Bradford County,49.2
Pennsylvania,Cambria County,49.4
Pennsylvania,Clarion County,48.4
Pennsylvania,Elk County,49.7
Pennsylvania,Indiana County,49.7
Pennsylvania,Lackawanna County,48.1
Pennsylvania,Mifflin County,48.9
Pennsylvania,Montour County,48.1
Pennsylvania,Potter County,50
Pennsylvania,Sullivan County,51.4
Pennsylvania,Warren County,49.8
South Carolina,Allendale County,53.2
South Carolina,Bamberg County,47.6
South Carolina,Clarendon County,49.4
South Carolina,Fairfield County,47.9
South Carolina,Greenwood County,46.9
South Carolina,Horry County,48.9
South Carolina,Laurens County,48.5
South Carolina,Newberry County,48.7
South Carolina,Spartanburg County,48.5
South Dakota,Beadle County,50.3
South Dakota,Brule County,48.6
South Dakota,Codington County,49.8
South Dakota,Davison County,49.5
South Dakota,Dewey County,49.1
South Dakota,Faulk County,49.5
South Dakota,Hand County,49.6
South Dakota,Jackson County,50.4
South Dakota,Kingsbury County,50.7
South Dakota,McCook County,50
South Dakota,Miner County,50.5
South Dakota,Potter County,49.5
South Dakota,Spink County,50.3
South Dakota,Turner County,50.2
South Dakota,Walworth County,48.8
Tennessee,Benton County,49
Tennessee,Blount County,48.4
Tennessee,Cannon County,49.5
Tennessee,Clay County,49.6
Tennessee,Decatur County,49.3
Tennessee,Franklin County,48.8
Tennessee,Hamblen County,48.7
Tennessee,Hawkins County,49
Tennessee,Humphreys County,49.2
Tennessee,Knox County,48.6
Tennessee,Loudon County,49.1
Tennessee,Marshall County,48.9
Tennessee,Morgan County,55.1
Tennessee,Polk County,49.8
Tennessee,Scott County,49.1
Tennessee,Sumner County,48.8
Tennessee,Union County,49.8
Oklahoma,Harper County,49.6
Oklahoma,Hughes County,53.8
Oklahoma,Kingfisher County,49.4
Oklahoma,Lincoln County,49.5
Oklahoma,McClain County,49.6
Oklahoma,Mayes County,49.9
Oklahoma,Oklahoma County,48.9
Oklahoma,Pontotoc County,48.5
Oklahoma,Pushmataha County,49.4
Oklahoma,Washington County,48.4
Oklahoma,Woodward County,52.4
Oregon,Deschutes County,49.4
Oregon,Jefferson County,51.8
Oregon,Lake County,52.7
Oregon,Polk County,48.7
Oregon,Wheeler County,49.8
Pennsylvania,Armstrong County,49.3
Texas,Gonzales County,50.3
Texas,Gray County,51.9
Texas,Grimes County,54.5
Texas,Hall County,49.4
Texas,Hansford County,49.9
Texas,Hill County,49
Texas,Howard County,56.3
Texas,Hutchinson County,50
Texas,Jim Hogg County,49.4
Texas,Johnson County,50
Texas,Kent County,48.5
Texas,Kerr County,48.5
Texas,Knox County,49.3
Texas,La Salle County,59.4
Texas,Live Oak County,53.7
Texas,Lubbock County,49.4
Texas,McLennan County,48.6
Texas,Mason County,49.3
Texas,Midland County,49.1
Texas,Montgomery County,49.6
Texas,Navarro County,49.6
Texas,Nolan County,49.7
Texas,Ochiltree County,51.2
Texas,Oldham County,50.4
Texas,Parker County,50.7
Texas,Rains County,50.3
Texas,Randall County,48.7
Texas,Roberts County,50.5
Texas,Rockwall County,49.2
Texas,Runnels County,49.5
Texas,San Saba County,54.9
Texas,Somervell County,49.3
Texas,Stephens County,51.7
Texas,Stonewall County,48.1
Texas,Terry County,53.1
Texas,Titus County,49.4
Texas,Upshur County,49.5
Texas,Uvalde County,48.9
Texas,Ward County,48.3
Texas,Williamson County,49.2
Texas,Wise County,50.4
Texas,Zavala County,49.3
Utah,Davis County,50.2
Tennessee,White County,48.9
Tennessee,Wilson County,49
Texas,Archer County,50.4
Texas,Armstrong County,48.8
Texas,Bastrop County,51.2
Texas,Blanco County,50.5
Texas,Brooks County,49.6
Texas,Burnet County,49.1
Texas,Camp County,49.1
Texas,Castro County,50.7
Texas,Cochran County,49.1
Texas,Concho County,68.3
Texas,Coryell County,48.9
Texas,Crane County,49
Texas,Dawson County,56.5
Texas,DeWitt County,52
Texas,Dimmit County,48.4
Texas,Edwards County,51
Texas,Fayette County,49.2
Texas,Franklin County,49.2
Texas,Garza County,63.3
Virginia,Montgomery County,51.7
Virginia,Nelson County,48.6
Virginia,Patrick County,49.2
Virginia,Powhatan County,53.9
Virginia,Pulaski County,49.4
Virginia,Russell County,49
Virginia,Warren County,49.7
Virginia,Wythe County,48.9
Virginia,Alexandria city,48.1
Virginia,Bedford city,46.2
Virginia,Buena Vista city,46.5
Virginia,Charlottesville city,47.7
Virginia,Harrisonburg city,46.6
Virginia,Hopewell city,46.4
Virginia,Martinsville city,45.5
Virginia,Richmond city,47.7
Virginia,Salem city,47.4
Virginia,Waynesboro city,47.6
Washington,Cowlitz County,49.4
Washington,Franklin County,51.7
Washington,Lewis County,50
Washington,Mason County,51.7
Washington,Spokane County,49.4
West Virginia,Barbour County,49.4
West Virginia,Boone County,49.7
West Virginia,Calhoun County,50.1
West Virginia,Gilmer County,60.5
West Virginia,Jackson County,49.4
West Virginia,Marion County,48.8
West Virginia,Monongalia County,51.6
West Virginia,Nicholas County,49.2
West Virginia,Preston County,51.6
West Virginia,Summers County,44.9
West Virginia,Webster County,49.5
Wisconsin,Adams County,53.8
Wisconsin,Bayfield County,51.4
Wisconsin,Clark County,50.7
Wisconsin,Door County,49.2
Wisconsin,Dunn County,50.5
Wisconsin,Fond du Lac County,49.1
Wisconsin,Green Lake County,49.9
Wisconsin,Iowa County,50.1
Wisconsin,Jackson County,53.2
Wisconsin,Langlade County,50.2
Wisconsin,Marquette County,50.7
Wisconsin,Monroe County,50.7
Wisconsin,Polk County,50.2
Wisconsin,Rusk County,50
Wisconsin,Trempealeau County,50.8
Wisconsin,Washington County,49.6
Wisconsin,Wood County,49.2
Wyoming,Natrona County,50.3
Wyoming,Platte County,49.6
Wyoming,Sheridan County,50
Wyoming,Weston County,52.6
Puerto Rico,Arecibo Municipio,48.1
Utah,Morgan County,50.4
Utah,Piute County,51.2
Utah,Salt Lake County,50.3
Utah,Wasatch County,50.8
Vermont,Caledonia County,49.7
Vermont,Orleans County,50
Virginia,Amelia County,49.1
Virginia,Bath County,50.5
Virginia,Buckingham County,55.4
Virginia,Clarke County,49.8
Virginia,Culpeper County,50.7
Virginia,Floyd County,50.2
Virginia,Goochland County,49.6
Virginia,King William County,48.7
Virginia,Lunenburg County,53.1
Virginia,Madison County,48.8
Alabama,Choctaw County,48.3
Alabama,Clarke County,47.3
Alabama,Cleburne County,49.8
Alabama,Coffee County,49.4
Alabama,Coosa County,49.6
Alabama,Dallas County,46.2
Alabama,Etowah County,48.5
Alabama,Franklin County,49.9
Alabama,Geneva County,48.9
Alabama,Henry County,48
Alabama,Jackson County,49.1
Alabama,Lee County,49.3
Alabama,Lowndes County,46.8
Alabama,Macon County,45.8
Alabama,Madison County,49.1
Alabama,Marion County,49.7
Alabama,Marshall County,49.3
Alabama,Montgomery County,47.6
Alabama,Perry County,47
Alabama,Pike County,47.7
Alabama,Randolph County,48.5
Alabama,Russell County,47.8
Alabama,Shelby County,49
Alabama,Tallapoosa County,48.5
Alabama,Walker County,48.7
Alabama,Wilcox County,47.3
Alaska,Aleutians West Census Area,66.9
Alaska,Bristol Bay Borough,54.2
Alaska,Dillingham Census Area,52.4
Alaska,Juneau City and Borough,51
Alaska,Ketchikan Gateway Borough,51.3
Alaska,Matanuska-Susitna Borough,51.7
Alaska,North Slope Borough,62.6
Alaska,Petersburg Census Area,52
Alaska,Sitka City and Borough,50.5
Arkansas,Woodruff County,47.5
California,Alpine County,51.6
California,Butte County,49.5
California,Calaveras County,50.1
Puerto Rico,Barranquitas Municipio,49.3
Puerto Rico,Caguas Municipio,47
Puerto Rico,Carolina Municipio,46.3
Puerto Rico,Comerí_o Municipi,49.8
Puerto Rico,Florida Municipio,48
Puerto Rico,Guaynabo Municipio,47.5
Puerto Rico,Humacao Municipio,47.5
Puerto Rico,Las Marí_as Municipi,49.3
Puerto Rico,Maricao Municipio,49.4
Puerto Rico,Naranjito Municipio,49.5
Puerto Rico,Quebradillas Municipio,48.8
Puerto Rico,San Lorenzo Municipio,49.1
Puerto Rico,Toa Alta Municipio,48.4
Puerto Rico,Vega Baja Municipio,48.2
Alabama,Bibb County,53.7
Alabama,Bullock County,54.2
Alabama,Calhoun County,48.2
California,Mendocino County,50.1
California,Modoc County,50.4
California,Mono County,53.1
California,Nevada County,49.4
California,Orange County,49.5
California,Riverside County,49.8
California,San Benito County,50
California,San Diego County,50.2
California,San Francisco County,50.7
California,Santa Barbara County,50.2
California,Santa Cruz County,49.9
California,Siskiyou County,49.9
California,Solano County,49.9
California,Sutter County,49.6
California,Tehama County,49.8
California,Trinity County,51.6
California,Tuolumne County,52.8
California,Yolo County,48.8
Colorado,Adams County,50.3
Colorado,Archuleta County,50.5
Colorado,Baca County,49.6
Colorado,Chaffee County,53.1
Colorado,Conejos County,49.6
Colorado,Delta County,50.4
Colorado,Dolores County,51.5
Colorado,Elbert County,50
Colorado,Fremont County,57.7
Colorado,Kiowa County,49.1
California,Contra Costa County,48.8
California,Del Norte County,55.6
California,El Dorado County,50
California,Imperial County,51.4
California,Kern County,51.6
California,Kings County,56.4
California,Madera County,48.2
Texas,Sabine County,48.9
Connecticut,Middlesex County,48.8
Connecticut,New London County,49.9
Connecticut,Tolland County,50.5
Delaware,Sussex County,48.8
District of Columbia,District of Columbia,47.2
Florida,Baker County,52.2
Florida,Brevard County,49
Florida,Broward County,48.4
Florida,Citrus County,48.4
Florida,Collier County,49.3
Florida,Duval County,48.5
Florida,Gilchrist County,52.2
Florida,Glades County,57.8
Florida,Gulf County,59.8
Florida,Hardee County,53.6
Florida,Hendry County,54.2
Florida,Hernando County,47.8
Colorado,Lake County,53.5
Colorado,La Plata County,50.9
Colorado,Larimer County,49.6
Colorado,Lincoln County,57.9
Colorado,Mesa County,49.7
Colorado,Moffat County,51.1
Colorado,Morgan County,49.4
Colorado,Ouray County,50.1
Colorado,Pitkin County,53
Colorado,Rio Blanco County,51.5
Colorado,Saguache County,51.1
Colorado,San Miguel County,54.3
Colorado,Teller County,50.9
Colorado,Washington County,51.1
Florida,Polk County,49
Florida,St. Johns County,48.6
Florida,St. Lucie County,48.9
Florida,Santa Rosa County,50.5
Florida,Sarasota County,47.7
Florida,Sumter County,52
Florida,Union County,64.7
Florida,Volusia County,48.9
Florida,Washington County,54.5
Georgia,Appling County,50.2
Georgia,Bacon County,49.5
Georgia,Banks County,50.5
Georgia,Berrien County,49.3
Georgia,Brantley County,49.9
Georgia,Bulloch County,49.9
Georgia,Burke County,48
Georgia,Calhoun County,59.1
Georgia,Carroll County,48.7
Georgia,Charlton County,56.3
Georgia,Cherokee County,49.4
Georgia,Clayton County,47.9
Georgia,Coffee County,50.7
Georgia,Coweta County,48.9
Georgia,Crawford County,50.5
Georgia,Dawson County,50
Georgia,Dodge County,52.5
Georgia,Dougherty County,46.5
Georgia,Echols County,50.6
Georgia,Effingham County,49.8
Georgia,Elbert County,47.9
Georgia,Evans County,49
Georgia,Fannin County,48.8
Georgia,Floyd County,48.4
Alaska,Wrangell City and Borough,52.4
Alaska,Yukon-Koyukuk Census Area,54.2
Arizona,Graham County,53.7
Florida,Indian River County,48.4
Florida,Jackson County,54.8
Florida,Jefferson County,52.3
Florida,Levy County,49.2
Florida,Madison County,52.2
Florida,Nassau County,49.3
Florida,Okaloosa County,50.2
Florida,Orange County,49.2
Florida,Osceola County,49
Florida,Palm Beach County,48.4
Arkansas,Crittenden County,47.5
Arkansas,Faulkner County,49.1
Arkansas,Franklin County,49.5
Arkansas,Grant County,49.7
Arkansas,Hempstead County,48.2
Arkansas,Hot Spring County,51.1
Arkansas,Jackson County,49.6
Arkansas,Lafayette County,48.3
Arkansas,Little River County,48.6
Arkansas,Madison County,50.1
Arkansas,Marion County,49.8
Arkansas,Nevada County,49
Arkansas,Ouachita County,47.4
Arkansas,Perry County,49.6
Arkansas,Phillips County,46.6
Arkansas,Polk County,49.2
Arkansas,Pope County,49.6
Alaska,Aleutians East Borough,66.6
Arkansas,Saline County,49.4
Arkansas,Scott County,50.4
Arkansas,Sevier County,49.6
Arkansas,Stone County,49.4
Georgia,Wilkes County,48.8
Hawaii,Hawaii County,50.2
Idaho,Ada County,50.1
Idaho,Adams County,51.3
Idaho,Bear Lake County,49.6
Idaho,Benewah County,51
Idaho,Bingham County,50.2
Idaho,Blaine County,50.9
Idaho,Bonneville County,49.9
Idaho,Butte County,51.4
Idaho,Cassia County,50.6
Idaho,Clearwater County,54.1
Idaho,Franklin County,50.7
Arizona,Greenlee County,52.1
Arizona,Mohave County,50
Arizona,Pinal County,52.5
Arizona,Yuma County,50.1
Arkansas,Ashley County,48.5
Arkansas,Calhoun County,50.7
Arkansas,Carroll County,49.3
Arkansas,Clay County,48.9
Arkansas,Crawford County,49.3
Illinois,Boone County,50
Illinois,Bureau County,48.9
Illinois,Calhoun County,49.7
Illinois,Clark County,48.7
Illinois,Crawford County,51.9
Illinois,DeKalb County,50
Illinois,Douglas County,49.3
Illinois,DuPage County,49
Illinois,Edwards County,49.4
Illinois,Fayette County,52.6
Illinois,Ford County,48.7
Illinois,Gallatin County,48.7
Illinois,Jackson County,50.9
Illinois,Jefferson County,51.4
Illinois,Jersey County,49
Illinois,Jo Daviess County,50.2
Illinois,Kendall County,49.5
Illinois,LaSalle County,49.9
Illinois,Lawrence County,56
Illinois,Logan County,50.7
Illinois,McDonough County,50.1
Illinois,McHenry County,49.9
Illinois,Macoupin County,49.3
Illinois,Mason County,49.1
Illinois,Massac County,47.8
Illinois,Monroe County,49.4
Illinois,Ogle County,49.6
Illinois,Piatt County,49.4
Illinois,Pulaski County,47.8
Illinois,Richland County,49
Illinois,Rock Island County,49.1
Illinois,Saline County,48.8
Illinois,Sangamon County,48
Illinois,Stephenson County,48.5
Illinois,Vermilion County,49.6
Illinois,Washington County,50.1
Illinois,Whiteside County,49.1
Illinois,Will County,49.7
Indiana,Adams County,49.4
Indiana,Blackford County,49.3
Indiana,Boone County,49.2
Indiana,Carroll County,50.1
Indiana,Clay County,49.2
Indiana,Crawford County,50.7
Indiana,Decatur County,49.5
Idaho,Fremont County,52.6
Idaho,Gooding County,51.7
Idaho,Jerome County,51.1
Idaho,Kootenai County,49.3
Idaho,Lewis County,50.1
Idaho,Madison County,48.4
Idaho,Nez Perce County,49.6
Idaho,Oneida County,51.1
Idaho,Power County,51.5
Idaho,Shoshone County,50.3
Idaho,Valley County,51.8
Illinois,Alexander County,50.8
Kentucky,Harlan County,48.7
Kentucky,Harrison County,48.9
Kentucky,Henry County,49.3
Kentucky,Hickman County,47.8
Kentucky,Jackson County,49.7
Kentucky,Johnson County,49.2
Kentucky,Knott County,49.8
Kentucky,Laurel County,49
Kentucky,Leslie County,49.5
Kentucky,Lewis County,49.9
Kentucky,Lyon County,55.1
Kentucky,McCracken County,48
Kentucky,McLean County,49.1
Kentucky,Marion County,51.7
Kentucky,Mason County,48.2
Michigan,Otsego County,49.2
Michigan,Ottawa County,49
Michigan,Presque Isle County,50.1
Michigan,St. Clair County,49.5
Michigan,St. Joseph County,49.5
Michigan,Tuscola County,50.1
Michigan,Wayne County,48
Minnesota,Aitkin County,50.6
Minnesota,Beltrami County,49.9
Minnesota,Blue Earth County,50.3
Minnesota,Carlton County,52
Massachusetts,Worcester County,49.2
Michigan,Alger County,54.4
Michigan,Allegan County,49.8
Michigan,Bay County,48.9
Michigan,Benzie County,49.6
Montana,Ravalli County,49.6
Nebraska,Saunders County,50.6
Nebraska,Scotts Bluff County,48.2
Nebraska,Sheridan County,48.5
Nebraska,Thayer County,48.8
Nebraska,Thurston County,49.7
Nebraska,Webster County,47.8
Nebraska,York County,48.8
Nevada,Elko County,51.9
Nevada,Esmeralda County,55.4
Nevada,Humboldt County,52.4
Nevada,Lincoln County,53.8
Nevada,Storey County,51
Virginia,Falls Church city,49
Kentucky,Hancock County,50.5
Kentucky,Mercer County,48.8
New Hampshire,Belknap County,49.1
New Hampshire,Grafton County,49.5
New Hampshire,Hillsborough County,49.5
New Hampshire,Rockingham County,49.4
New Jersey,Atlantic County,48.5
New Jersey,Cape May County,48.6
New Jersey,Essex County,48
Minnesota,Cass County,51.1
New Jersey,Hunterdon County,49.9
New Jersey,Morris County,49
New Jersey,Ocean County,47.9
New Jersey,Salem County,48.7
New Jersey,Union County,48.4
New Mexico,Catron County,52.3
New Mexico,Colfax County,50.9
Mississippi,Lowndes County,47.4
Mississippi,Madison County,47.9
Mississippi,Monroe County,47.5
Mississippi,Newton County,47.9
Mississippi,Pearl River County,49.4
Mississippi,Pike County,47.6
Mississippi,Prentiss County,48.9
Mississippi,Rankin County,48.4
Mississippi,Scott County,48.9
Mississippi,Simpson County,48.5
Mississippi,Smith County,48.7
Mississippi,Sunflower County,53.4
Mississippi,Tallahatchie County,54.8
Mississippi,Tippah County,48.9
Mississippi,Tishomingo County,48.3
Mississippi,Walthall County,48.6
Mississippi,Wayne County,48
Mississippi,Wilkinson County,52.9
Mississippi,Yalobusha County,47.7
Missouri,Andrew County,49.2
Nevada,Carson City,51.9
Missouri,Barton County,49.3
Missouri,Bates County,49.3
Missouri,Buchanan County,50
Missouri,Callaway County,51.4
Missouri,Carroll County,48.8
Missouri,Chariton County,49.3
Missouri,Clay County,48.8
Missouri,Cole County,50.5
Missouri,Dade County,50.1
Missouri,Daviess County,49.7
Missouri,Douglas County,49.4
Missouri,Gasconade County,49
Missouri,Gentry County,48.4
Missouri,Grundy County,47.7
Missouri,Hickory County,49.1
New Jersey,Hudson County,49.5
North Carolina,Beaufort County,48.2
North Carolina,Brunswick County,49
North Carolina,Burke County,50
North Carolina,Camden County,50.2
North Carolina,Catawba County,49
North Carolina,Chatham County,48.3
North Carolina,Cherokee County,48.6
North Carolina,Chowan County,47.5
North Carolina,Craven County,49.7
North Carolina,Davie County,48.8
Kansas,Norton County,55.9
Mississippi,Panola County,48.1
North Carolina,Edgecombe County,46.4
North Carolina,Franklin County,49.8
North Carolina,Gaston County,48.4
North Carolina,Granville County,53.4
North Carolina,Halifax County,47.8
North Carolina,Haywood County,48.3
North Carolina,Hoke County,48.7
North Carolina,Jackson County,49.8
North Carolina,Johnston County,49.2
North Carolina,Lee County,48.8
North Carolina,Lenoir County,47.7
North Carolina,McDowell County,50
North Carolina,Mecklenburg County,48.4
North Carolina,New Hanover County,48.5
Missouri,Barry County,49.6
North Carolina,Orange County,47.8
North Carolina,Pasquotank County,49.1
North Carolina,Perquimans County,47.9
North Carolina,Pitt County,47.2
North Carolina,Richmond County,49.2
North Carolina,Rowan County,49.4
North Carolina,Stanly County,49.7
North Carolina,Stokes County,48.8
North Carolina,Surry County,48.8
North Carolina,Tyrrell County,55.2
North Carolina,Wayne County,48.9
North Carolina,Wilkes County,49.4
North Carolina,Yancey County,49.1
North Carolina,Avery County,54.4
North Dakota,Bottineau County,51.7
North Dakota,Bowman County,50.1
North Dakota,Burleigh County,49.2
North Dakota,Dickey County,49.7
North Dakota,Eddy County,48.9
North Dakota,Emmons County,51.3
North Dakota,Grant County,49.7
North Dakota,Griggs County,50.6
North Dakota,Logan County,50.9
North Dakota,McKenzie County,51.6
North Dakota,Mercer County,51.6
North Dakota,Nelson County,51
North Dakota,Renville County,51.4
North Carolina,Duplin County,49.2
North Dakota,Sargent County,53.4
North Dakota,Sheridan County,50.1
North Dakota,Stark County,50
North Dakota,Stutsman County,50.9
North Dakota,Traill County,50.1
North Dakota,Walsh County,50.4
Ohio,Adams County,49.4
Ohio,Ashland County,48.9
Ohio,Belmont County,50.4
Ohio,Butler County,48.9
Ohio,Carroll County,49.9
Ohio,Clark County,48.4
Ohio,Columbiana County,50.2
Ohio,Crawford County,48.6
North Carolina,Northampton County,48.5
Ohio,Darke County,49.1
Ohio,Fairfield County,49.6
Ohio,Franklin County,48.7
Ohio,Fulton County,49.1
Ohio,Harrison County,49.6
Ohio,Highland County,49
Ohio,Huron County,49.3
Ohio,Jackson County,48.9
Ohio,Lawrence County,48.6
Ohio,Lorain County,49.2
Ohio,Mahoning County,48.4
Ohio,Medina County,49.3
Ohio,Mercer County,50
North Dakota,Benson County,50.7
Ohio,Montgomery County,48
Ohio,Morrow County,50.1
Ohio,Perry County,49.9
Ohio,Pickaway County,52.5
Ohio,Portage County,48.8
Ohio,Preble County,49.6
Ohio,Richland County,50.6
Ohio,Sandusky County,49.2
Ohio,Stark County,48.4
Ohio,Summit County,48.4
Ohio,Union County,47.2
Ohio,Vinton County,49.8
Ohio,Williams County,49.6
Ohio,Wyandot County,49.5
Oklahoma,Atoka County,52.1
Oklahoma,Blaine County,58
Oklahoma,Bryan County,48.9
Oklahoma,Canadian County,49.6
Oklahoma,Cherokee County,49.4
Oklahoma,Cimarron County,49.8
Oklahoma,Cotton County,49.2
Oklahoma,Dewey County,49.9
Oklahoma,Grady County,49.6
New Mexico,Harding County,52.8
New Mexico,Hidalgo County,50.2
New Mexico,Los Alamos County,50.3
New Mexico,Luna County,49.7
New Mexico,Otero County,50.5
New Mexico,Rio Arriba County,49.4
New Mexico,Roosevelt County,50.3
New Mexico,San Juan County,49.6
New Mexico,Santa Fe County,48.7
New Mexico,Sierra County,50.3
New Mexico,Torrance County,51.6
New York,Albany County,48.3
New York,Broome County,49
New York,Cayuga County,51
New York,Chemung County,49.7
New York,Clinton County,51.3
New York,Cortland County,48.8
New York,Dutchess County,49.8
Ohio,Monroe County,49.8
New York,Franklin County,54.9
New York,Fulton County,49.5
New York,Greene County,52.2
New York,Hamilton County,50.6
New York,Kings County,47.2
New York,Livingston County,50.2
New York,Monroe County,48.2
New York,Nassau County,48.4
New York,Niagara County,48.5
New York,Orange County,50
New York,Orleans County,49.5
New Mexico,Quay County,49.3
New York,Putnam County,49.9
New York,Rockland County,49
New York,St. Lawrence County,50.8
New York,Schuyler County,49.7
New York,Suffolk County,49.2
New York,Tioga County,49.6
New York,Ulster County,49.8
New York,Wayne County,49.6
North Dakota,Richland County,51.7
Pennsylvania,Bucks County,49
Pennsylvania,Cameron County,49.1
Pennsylvania,Clinton County,49
Pennsylvania,Cumberland County,49.1
Pennsylvania,Delaware County,47.9
Pennsylvania,Erie County,49.2
Pennsylvania,Fayette County,49.1
Pennsylvania,Greene County,51.5
Pennsylvania,Huntingdon County,52.9
Pennsylvania,Juniata County,49.9
New York,Oswego County,49.8
Pennsylvania,Lawrence County,48.2
Pennsylvania,Luzerne County,48.9
Pennsylvania,Monroe County,49.4
Pennsylvania,Montgomery County,48.5
Pennsylvania,Philadelphia County,47.2
Pennsylvania,Pike County,50
Pennsylvania,Snyder County,49.4
Pennsylvania,Somerset County,51.5
Pennsylvania,Susquehanna County,50.3
Pennsylvania,Venango County,48.9
New York,Westchester County,48.1
Pennsylvania,Wayne County,52.4
Pennsylvania,York County,49.3
Rhode Island,Kent County,48.1
Rhode Island,Newport County,48.8
South Carolina,Abbeville County,48.5
South Carolina,Aiken County,48.4
South Carolina,Barnwell County,47.8
Pennsylvania,Lancaster County,48.9
South Carolina,Chester County,48.3
South Carolina,Chesterfield County,48.6
South Carolina,Colleton County,48.2
South Carolina,Darlington County,47.4
South Carolina,Edgefield County,54
South Carolina,Jasper County,52.1
South Carolina,Kershaw County,48.7
South Carolina,Lancaster County,49.3
South Carolina,Lexington County,48.8
South Carolina,Marlboro County,52.7
South Carolina,Orangeburg County,47
Pennsylvania,Washington County,48.6
South Carolina,Saluda County,50.3
South Carolina,Sumter County,48.1
South Carolina,Williamsburg County,48.6
South Dakota,Bennett County,49.1
South Dakota,Brookings County,51.2
South Dakota,Butte County,50.3
South Dakota,Clark County,50.2
South Dakota,Clay County,48.6
South Dakota,Custer County,50.5
South Dakota,Day County,50.2
South Dakota,Douglas County,50.1
South Dakota,Fall River County,50.8
South Dakota,Haakon County,50.6
South Dakota,Hanson County,50.1
South Carolina,Calhoun County,48.7
South Dakota,Hutchinson County,48.7
South Dakota,Hyde County,52
South Dakota,Jerauld County,48.6
South Dakota,Jones County,49.5
South Dakota,Lyman County,52.4
South Dakota,Meade County,51
South Dakota,Mellette County,51.2
South Dakota,Moody County,50.1
South Dakota,Sanborn County,51.8
South Dakota,Shannon County,49.3
South Dakota,Stanley County,50
South Dakota,Todd County,49.1
South Dakota,Union County,50.1
South Dakota,Ziebach County,48.5
South Carolina,Richland County,48.7
Tennessee,Carter County,48.9
Tennessee,Cheatham County,50
Tennessee,Claiborne County,49
Tennessee,Coffee County,48.6
Tennessee,Davidson County,48.4
Tennessee,DeKalb County,49.5
Tennessee,Fentress County,49.3
Tennessee,Gibson County,47.6
Tennessee,Greene County,49.1
Tennessee,Grundy County,49.5
Tennessee,Hardeman County,54.4
Tennessee,Haywood County,47.1
Tennessee,Henderson County,48.1
Tennessee,Houston County,49.2
Tennessee,Jackson County,49.9
South Dakota,Harding County,52.5
Tennessee,Lewis County,49
Tennessee,Lincoln County,48.8
Tennessee,McNairy County,49.1
Tennessee,Macon County,49.3
Tennessee,Maury County,48.4
Tennessee,Montgomery County,49
Tennessee,Obion County,48.2
Tennessee,Pickett County,50.2
Tennessee,Rhea County,48.9
Tennessee,Rutherford County,49.4
Tennessee,Sevier County,49.3
Tennessee,Stewart County,49.9
Tennessee,Carroll County,48.3
Tennessee,Unicoi County,48.9
Tennessee,Van Buren County,49.9
Tennessee,Warren County,49.3
Oklahoma,Jefferson County,49.8
Oklahoma,Latimer County,50.6
Oklahoma,Logan County,49.5
Oklahoma,Love County,49.1
Oklahoma,McIntosh County,49.4
Oklahoma,Marshall County,50.1
Oklahoma,Muskogee County,48.9
Oklahoma,Okfuskee County,53.5
Oklahoma,Pawnee County,49.8
Tennessee,Lake County,63.7
Oklahoma,Pittsburg County,50.8
Oklahoma,Pottawatomie County,47.9
Oklahoma,Roger Mills County,49.7
Oklahoma,Sequoyah County,49.6
Oklahoma,Tulsa County,48.8
Oklahoma,Wagoner County,49.2
Oklahoma,Washita County,48.8
Oregon,Benton County,50.1
Oregon,Clackamas County,49.2
Oregon,Coos County,49.3
Oregon,Crook County,49.6
Tennessee,Tipton County,49
Texas,Refugio County,49.7
Texas,Robertson County,49.5
Texas,Rusk County,52.6
Texas,San Jacinto County,50
Texas,Scurry County,53.4
Texas,Shackelford County,48.3
Texas,Shelby County,49.5
Texas,Smith County,48.4
Texas,Sterling County,50.4
Texas,Sutton County,49.2
Texas,Swisher County,52.7
Texas,Throckmorton County,49.2
Texas,Tom Green County,49
Texas,Travis County,50.4
Texas,Upton County,49.9
Texas,Van Zandt County,49.2
Oklahoma,Payne County,50.7
Oregon,Gilliam County,51.6
Oregon,Harney County,50.9
Oregon,Hood River County,50
Oregon,Josephine County,48.7
Oregon,Lincoln County,48.7
Oregon,Malheur County,54.1
Oregon,Sherman County,50.8
Oregon,Umatilla County,52.1
Oregon,Douglas County,49.4
Texas,Jeff Davis County,50.7
Texas,Jim Wells County,49.2
Texas,Jones County,61.3
Texas,Kaufman County,49.2
Texas,Kimble County,49.5
Texas,Kinney County,54.3
Texas,Kleberg County,51
Texas,Lampasas County,49.3
Texas,Lavaca County,48.9
Texas,Lee County,50.6
Texas,Limestone County,51.8
Texas,Victoria County,48.8
Texas,Waller County,49.5
Texas,Washington County,49.2
Texas,Wheeler County,49.2
Texas,Wichita County,51.3
Texas,Willacy County,54.4
Texas,Wood County,49.1
Texas,Zapata County,50.2
Utah,Carbon County,49.6
Utah,Daggett County,56.4
Utah,Duchesne County,50.8
Utah,Grand County,50.4
Utah,Juab County,51
Texas,Anderson County,60.8
Oregon,Wasco County,49.6
Oregon,Washington County,49.2
Pennsylvania,Adams County,49.2
Pennsylvania,Beaver County,48.2
Texas,Hale County,51.7
Texas,Hamilton County,49.3
Texas,Hardin County,49.3
Texas,Harrison County,49.1
Texas,Hemphill County,50.6
Texas,Henderson County,49
Texas,Hidalgo County,48.7
Texas,Hopkins County,49.5
Texas,Irion County,50.5
Texas,Jack County,55.6
Texas,Jackson County,49.4
Texas,Loving County,56.1
Texas,Lynn County,49.8
Texas,McCulloch County,49
Texas,McMullen County,51.9
Texas,Marion County,49
Texas,Maverick County,48.8
Texas,Menard County,50.5
Texas,Milam County,49.4
Texas,Mills County,49.5
Texas,Moore County,51.7
Texas,Motley County,50.7
Texas,Nacogdoches County,47.7
Texas,Orange County,49.7
Texas,Panola County,49.6
Texas,Potter County,51.1
Texas,Presidio County,48.8
Texas,Real County,49.5
Indiana,DeKalb County,49.6
Indiana,Elkhart County,49.3
Indiana,Fayette County,49
Indiana,Greene County,49.9
Indiana,Henry County,50.7
Indiana,Huntington County,49.1
Indiana,Jay County,49.3
Indiana,Johnson County,49.2
Indiana,LaGrange County,50.4
Indiana,Lawrence County,49.4
Indiana,Marion County,48.2
Indiana,Marshall County,49.5
Indiana,Montgomery County,50.4
Indiana,Newton County,50.5
Indiana,Owen County,50.1
Indiana,Pike County,50
Indiana,Porter County,49.1
Kentucky,Monroe County,49.5
Kentucky,Morgan County,56.7
Kentucky,Muhlenberg County,50.5
Kentucky,Pendleton County,50.1
Kentucky,Perry County,49.5
Kentucky,Robertson County,50.3
Kentucky,Rowan County,48.6
Kentucky,Shelby County,48.1
Kentucky,Taylor County,48.3
Kentucky,Todd County,49.4
Kentucky,Washington County,49
Kentucky,Wayne County,49.5
Kentucky,Whitley County,48.6
Kentucky,Woodford County,48
Louisiana,Ascension Parish,49.4
Louisiana,Beauregard Parish,51
Louisiana,Calcasieu Parish,48.8
Minnesota,Chisago County,51.5
Minnesota,Clearwater County,50.3
Minnesota,Crow Wing County,49.8
Minnesota,Dakota County,49.1
Minnesota,Faribault County,49.7
Minnesota,Fillmore County,49.7
Minnesota,Hennepin County,49.1
Minnesota,Isanti County,50.4
Minnesota,Itasca County,50.5
Minnesota,Lake of the Woods County,51.1
Minnesota,Lincoln County,50.2
Minnesota,McLeod County,49.9
Minnesota,Martin County,49.1
Michigan,Cass County,49.9
Michigan,Charlevoix County,49.2
Michigan,Chippewa County,55.1
Michigan,Delta County,49.5
Michigan,Dickinson County,49.2
Michigan,Emmet County,49.3
Indiana,Posey County,49.8
Indiana,Randolph County,49.3
Indiana,Shelby County,49.6
Indiana,Steuben County,50.5
Indiana,Switzerland County,51
Indiana,Union County,49.4
Indiana,Vermillion County,49.5
Indiana,Warren County,50.2
Indiana,White County,49.2
Iowa,Adair County,49.6
Iowa,Adams County,49.5
Iowa,Audubon County,48.3
Iowa,Black Hawk County,48.6
Iowa,Boone County,50.2
Iowa,Butler County,49.4
Iowa,Cedar County,49.5
Louisiana,Cameron Parish,49.6
Louisiana,Catahoula Parish,52.9
Louisiana,De Soto Parish,48.3
Louisiana,East Carroll Parish,53.5
Louisiana,Franklin Parish,48.5
Louisiana,Grant Parish,56
Louisiana,Jackson Parish,50.8
Louisiana,Jefferson Parish,48.6
Louisiana,Jefferson Davis Parish,49
Louisiana,Lincoln Parish,48.8
Louisiana,Madison Parish,49.5
Louisiana,Morehouse Parish,47.9
Minnesota,Mille Lacs County,50.2
Minnesota,Nicollet County,50
Minnesota,Olmsted County,48.9
Minnesota,Pennington County,49.3
Minnesota,Pipestone County,48.7
Minnesota,Red Lake County,50.9
Minnesota,Redwood County,49.6
Minnesota,Rice County,51.1
Minnesota,Scott County,49.8
Minnesota,Sibley County,50.2
Minnesota,Stearns County,50.4
Minnesota,Stevens County,49.3
Minnesota,Todd County,51.2
Minnesota,Traverse County,49.7
Minnesota,Wilkin County,50.7
Minnesota,Winona County,49.2
Michigan,Gogebic County,53.3
Missouri,Jefferson County,49.8
Missouri,Laclede County,49.3
Missouri,Lafayette County,49.4
Missouri,Lewis County,50.1
Missouri,Lincoln County,49.9
Missouri,Livingston County,44.8
Missouri,McDonald County,50.5
Missouri,Maries County,50.5
Missouri,Mercer County,50.3
Missouri,Monroe County,50
Missouri,Montgomery County,50
Missouri,Newton County,49.6
Iowa,Cerro Gordo County,48.8
Iowa,Chickasaw County,50.3
Georgia,Gwinnett County,49.3
Georgia,Habersham County,47.2
Georgia,Harris County,49.9
Georgia,Henry County,48
Georgia,Jasper County,49.8
Georgia,Jenkins County,47.5
Georgia,Lamar County,48.3
Georgia,Lanier County,50.4
Georgia,Lincoln County,48.7
Georgia,McDuffie County,46.9
Georgia,McIntosh County,48.8
Georgia,Madison County,49.4
Georgia,Mitchell County,51.9
Georgia,Morgan County,48.3
Louisiana,Ouachita Parish,47.8
Louisiana,Plaquemines Parish,50.2
Louisiana,Rapides Parish,48.2
Louisiana,Richland Parish,48.2
Louisiana,Sabine Parish,49.6
Louisiana,St. Helena Parish,49.3
Louisiana,St. John the Baptist Parish,48.6
Louisiana,St. Landry Parish,47.8
Montana,Sanders County,51.3
Kansas,Ottawa County,51.6
Minnesota,Yellow Medicine County,51
Mississippi,Amite County,48.5
Mississippi,Attala County,47.6
Mississippi,Bolivar County,46.5
Mississippi,Calhoun County,47.8
Mississippi,Claiborne County,47.1
Mississippi,Coahoma County,45.9
Mississippi,Franklin County,48.6
Mississippi,George County,50.6
Mississippi,Grenada County,47.2
Mississippi,Holmes County,46.8
Mississippi,Humphreys County,46.8
Mississippi,Jackson County,49.3
Missouri,Osage County,52
Missouri,Ozark County,50.5
Missouri,Pemiscot County,47.5
Missouri,Phelps County,52.3
Missouri,Polk County,49.3
Missouri,Ralls County,50.6
Missouri,Ray County,49.8
Missouri,Ripley County,49.5
Missouri,St. Francois County,53.2
Missouri,Schuyler County,48.6
Missouri,Scotland County,48.6
Missouri,Stoddard County,48.6
Missouri,Taney County,48.7
Missouri,Warren County,49.8
Missouri,Wayne County,50.1
Georgia,Oglethorpe County,49.6
Georgia,Paulding County,48.9
Georgia,Pierce County,49.1
Georgia,Pike County,48.9
Georgia,Quitman County,47.8
Georgia,Richmond County,48.4
Georgia,Screven County,48.8
Georgia,Stephens County,47.9
Georgia,Talbot County,47.3
Georgia,Taylor County,48.3
Georgia,Thomas County,47.4
Georgia,Turner County,48.8
Georgia,Twiggs County,48.7
Georgia,Union County,48.7
Georgia,Ware County,49.8
Georgia,Wayne County,52.2
Louisiana,St. Martin Parish,49.3
Louisiana,Tangipahoa Parish,48.6
Louisiana,Tensas Parish,47.5
Louisiana,Vermilion Parish,48.6
Louisiana,Vernon Parish,51.2
Iowa,Davis County,49.6
Iowa,Decatur County,50.1
Iowa,Dubuque County,49.3
Iowa,Fayette County,50
Iowa,Franklin County,50.4
Iowa,Grundy County,49.4
Iowa,Guthrie County,49.7
Iowa,Howard County,49.6
Mississippi,Jefferson County,49.6
Mississippi,Jones County,48.7
Mississippi,Lafayette County,49.4
Louisiana,West Feliciana Parish,65.6
Maine,Franklin County,48.9
Maine,Knox County,49.5
Maine,Oxford County,49.6
Missouri,St. Louis city,48.3
Montana,Big Horn County,49.7
Montana,Blaine County,50
Montana,Carbon County,50.7
Montana,Chouteau County,49.2
Montana,Custer County,49.7
Montana,Deer Lodge County,52.9
Montana,Fergus County,50.2
Montana,Garfield County,51.2
Montana,Granite County,50.9
Montana,Jefferson County,51
Georgia,Muscogee County,47.9
Kansas,Crawford County,49.6
Kansas,Edwards County,49.8
Kansas,Ellis County,49.7
Kansas,Ellsworth County,56.2
Kansas,Geary County,49.5
Kansas,Grant County,51.1
Kansas,Greenwood County,49.3
Kansas,Harper County,49.5
Kansas,Harvey County,48.8
Kansas,Jefferson County,50.7
Kansas,Johnson County,48.8
Kansas,Labette County,49.5
Kansas,Logan County,49.5
Kansas,McPherson County,49.1
Kansas,Marshall County,49.5
Iowa,Ida County,49.9
Iowa,Jackson County,49.6
Iowa,Jefferson County,53.4
Iowa,Johnson County,50
Iowa,Keokuk County,49.7
Iowa,Lucas County,49.8
Iowa,Lyon County,49.9
Iowa,Mahaska County,50.3
Iowa,Mills County,50.3
Iowa,Monroe County,49.9
Iowa,Osceola County,50.2
Iowa,Plymouth County,49.5
Iowa,Polk County,49
Iowa,Ringgold County,48.6
Iowa,Sioux County,49.9
Iowa,Tama County,49.1
Iowa,Washington County,49
Iowa,Wayne County,48.7
Maine,Penobscot County,49.3
Maine,Sagadahoc County,48.4
Maine,Waldo County,49
Maryland,Anne Arundel County,49.4
Maryland,Caroline County,48.8
Maryland,Cecil County,49.7
Maryland,Dorchester County,47.7
Maryland,Frederick County,49.2
Maryland,Garrett County,49.7
Montana,Liberty County,48.1
Montana,Lincoln County,50.8
Montana,McCone County,51.3
Montana,Park County,49.8
Montana,Phillips County,49.3
Montana,Powell County,61.1
Montana,Roosevelt County,49.3
Montana,Rosebud County,50.6
Montana,Sheridan County,50.2
Kansas,Montgomery County,49.1
Kansas,Morton County,48.6
Kansas,Nemaha County,50.6
Kansas,Osborne County,49.7
Kansas,Pottawatomie County,49.6
Kansas,Rawlins County,49.8
Kansas,Riley County,52.1
Kansas,Rush County,49.3
Kansas,Scott County,50.4
Kansas,Shawnee County,48.3
Kansas,Sherman County,50
Kansas,Stanton County,51.1
Kansas,Thomas County,49.2
Kansas,Wabaunsee County,50.9
Kansas,Woodson County,50
Kentucky,Barren County,48.5
Iowa,Winnebago County,49.5
Iowa,Winneshiek County,49.6
Kansas,Allen County,48.8
Kansas,Anderson County,49.5
Kansas,Barber County,50.4
Kansas,Barton County,49.1
Kansas,Chase County,51
Kansas,Chautauqua County,50.7
Michigan,Iron County,49.3
Michigan,Jackson County,51
Michigan,Kalkaska County,50.8
Michigan,Keweenaw County,51.3
Michigan,Lake County,51.1
Michigan,Lenawee County,50.5
Michigan,Luce County,57.7
Maryland,Harford County,48.9
Maryland,Washington County,50.8
Maryland,Worcester County,48.7
Maryland,Baltimore city,47.1
Montana,Stillwater County,51.3
Montana,Teton County,49.3
Montana,Toole County,55.7
Montana,Wibaux County,50.4
Nebraska,Antelope County,49.8
Nebraska,Boone County,49.9
Nebraska,Box Butte County,49
Nebraska,Buffalo County,49.5
Nebraska,Burt County,49
Nebraska,Chase County,49.5
Nebraska,Cheyenne County,49.7
Nebraska,Dixon County,49.4
Nebraska,Douglas County,49.2
Kentucky,Bath County,49.6
Kentucky,Boone County,49.5
Kentucky,Bourbon County,48.7
Kentucky,Boyle County,48.7
Kentucky,Breckinridge County,49.9
Kentucky,Caldwell County,48.2
Kentucky,Carlisle County,48.8
Kentucky,Casey County,48.8
Kentucky,Christian County,50.7
Kentucky,Clinton County,50
Kentucky,Elliott County,56
Kentucky,Fayette County,49.2
Kentucky,Fleming County,49.1
Kentucky,Garrard County,49.3
Kentucky,Graves County,49
Kentucky,Grayson County,50.7
Michigan,Macomb County,48.6
Michigan,Manistee County,51.8
Michigan,Mason County,49.4
Michigan,Monroe County,49.3
Michigan,Montmorency County,50.4
Michigan,Oakland County,48.5
Texas,Fort Bend County,49.1
Massachusetts,Dukes County,49.5
Massachusetts,Essex County,48
Massachusetts,Hampshire County,46.8
Massachusetts,Nantucket County,51.2
Puerto Rico,Vieques Municipio,49.6
Texas,Ector County,49.4
Nebraska,Dundy County,50.1
Nebraska,Franklin County,50
Nebraska,Gage County,49.1
Nebraska,Garfield County,49
Nebraska,Hamilton County,50
Nebraska,Hitchcock County,49.7
Nebraska,Howard County,50.9
Nebraska,Keith County,50.1
Nebraska,Kimball County,49.8
Nebraska,Lancaster County,50.1
Nebraska,Loup County,51.3
Nebraska,Otoe County,49
Nebraska,Perkins County,50.5
Nebraska,Platte County,50.1
Nebraska,Richardson County,49.4
Nebraska,Sarpy County,49.7
Washington,Yakima County,50
West Virginia,Berkeley County,49.6
West Virginia,Braxton County,50.4
West Virginia,Brooke County,48.5
West Virginia,Grant County,49.7
West Virginia,Hampshire County,50.6
West Virginia,Harrison County,48.7
West Virginia,Kanawha County,48
West Virginia,Lincoln County,49.7
West Virginia,Marshall County,48.8
West Virginia,Mason County,48.1
West Virginia,Mineral County,49.6
West Virginia,Monroe County,49.5
Virginia,King George County,50.3
Virginia,Lancaster County,47
Virginia,Mathews County,48.6
Virginia,Mecklenburg County,49.6
Puerto Rico,Camuy Municipio,48.5
Puerto Rico,Cataí±o Municipi,47.4
Puerto Rico,Cayey Municipio,48.4
Puerto Rico,Cidra Municipio,48.9
Puerto Rico,Coamo Municipio,48.7
Puerto Rico,Fajardo Municipio,47.1
Puerto Rico,Guayama Municipio,50
Idaho,Lincoln County,51.7
Idaho,Payette County,49.5
Illinois,Adams County,48.7
Illinois,Cass County,50.1
Illinois,Clay County,49.1
Illinois,De Witt County,49.5
Illinois,Edgar County,48.5
Illinois,Greene County,50.5
Illinois,Hardin County,49.7
Illinois,Henry County,49.7
Illinois,Jasper County,49.8
Illinois,Kane County,49.8
Illinois,Lee County,52.5
Illinois,McLean County,48.6
Illinois,Marshall County,49.3
Illinois,Montgomery County,52.3
Minnesota,Kanabec County,50.6
Minnesota,Kittson County,50.2
Minnesota,Koochiching County,49.6
Minnesota,Mahnomen County,50.8
Minnesota,Morrison County,50.4
Minnesota,Norman County,49.9
Minnesota,Ramsey County,48.5
Minnesota,Roseau County,51.1
Minnesota,Swift County,50.3
Minnesota,Waseca County,46.9
Minnesota,Wright County,50.2
Mississippi,Carroll County,50
Mississippi,Clay County,46.9
Mississippi,Forrest County,47.8
Mississippi,Hinds County,47
Mississippi,Jasper County,48.2
West Virginia,Morgan County,49.9
Louisiana,Washington Parish,49.5
Louisiana,West Carroll Parish,50.1
Maine,Kennebec County,48.7
Maryland,Allegany County,51.7
Maryland,Queen Anne's County,49.7
Maryland,Talbot County,47.7
Massachusetts,Berkshire County,48.1
Massachusetts,Suffolk County,48.2
Michigan,Calhoun County,48.9
Puerto Rico,Guayanilla Municipio,48.6
Michigan,Genesee County,48.2
Missouri,Jackson County,48.3
Missouri,Johnson County,50.5
Missouri,Lawrence County,49.3
Missouri,Macon County,48.9
Missouri,Miller County,49.8
Missouri,Oregon County,49.6
Missouri,Pike County,54.8
Missouri,Randolph County,52.3
Missouri,Ste. Genevieve County,50.5
Missouri,Scott County,48.2
Missouri,Texas County,52
Missouri,Wright County,48.8
Montana,Broadwater County,51.2
Illinois,Pope County,52.7
Montana,Gallatin County,51.9
Montana,Judith Basin County,51.9
Montana,Lewis and Clark County,49.4
Montana,Musselshell County,49.8
Montana,Richland County,51.5
Montana,Sweet Grass County,50.6
Nebraska,Arthur County,49.6
Nebraska,Brown County,48.7
Nebraska,Cedar County,50.8
Nebraska,Dawes County,49.7
Nebraska,Dodge County,49
Nebraska,Garden County,50.7
Mississippi,Lamar County,48.4
Nebraska,Holt County,49.7
Nebraska,Knox County,49
Nebraska,Madison County,49.6
Nebraska,Merrick County,49.5
Nebraska,Nemaha County,48.9
Nebraska,Phelps County,49.5
Nebraska,Rock County,50
Nebraska,Seward County,50.9
Nebraska,Thomas County,50.7
Nebraska,Wayne County,50.2
Nevada,Douglas County,50
Nevada,Mineral County,49.2
New Hampshire,Cheshire County,48.8
New Hampshire,Strafford County,48.7
Michigan,Clinton County,49.2
New Jersey,Sussex County,49.6
New Mexico,Cibola County,50.6
Mississippi,Lawrence County,49.1
Mississippi,Lee County,47.9
Mississippi,Lincoln County,47.8
Mississippi,Montgomery County,47.5
Mississippi,Oktibbeha County,49.8
Mississippi,Pontotoc County,49.3
Mississippi,Sharkey County,45.8
Mississippi,Union County,48.9
Mississippi,Washington County,46.5
Missouri,Adair County,47.7
Missouri,Benton County,50.1
Missouri,Butler County,48.2
Missouri,Cedar County,49.2
Missouri,Clinton County,50.2
Missouri,Dallas County,49.7
Montana,Dawson County,50.5
Missouri,Henry County,48.9
North Carolina,Alexander County,50.6
North Carolina,Anson County,52
North Carolina,Ashe County,49.4
North Carolina,Caswell County,50.9
North Carolina,Cleveland County,48.2
North Carolina,Durham County,47.7
North Carolina,Gates County,48.9
North Carolina,Harnett County,49
North Carolina,Iredell County,49.2
North Carolina,Lincoln County,49.6
North Carolina,Montgomery County,48.4
North Carolina,Onslow County,53.6
North Carolina,Person County,48.5
Nebraska,Hayes County,52.7
North Carolina,Swain County,48.7
North Carolina,Union County,49.4
North Carolina,Warren County,50.5
North Carolina,Wilson County,47.7
North Dakota,Burke County,52.6
North Dakota,Dunn County,52.7
North Dakota,Hettinger County,47.6
North Dakota,McLean County,50.8
North Dakota,Pierce County,50
North Dakota,Slope County,54.5
North Dakota,Wells County,49.1
Ohio,Athens County,50.1
Ohio,Champaign County,49.5
New Jersey,Mercer County,48.8
Ohio,Delaware County,49.3
Ohio,Gallia County,49.3
Ohio,Greene County,49
Ohio,Hardin County,49.6
Ohio,Holmes County,49.9
Ohio,Licking County,49
Ohio,Marion County,52.4
Ohio,Morgan County,49.8
Ohio,Paulding County,49.5
Ohio,Ross County,52.7
Ohio,Shelby County,49.9
Ohio,Van Wert County,48.7
Oklahoma,Alfalfa County,58.9
Oklahoma,Caddo County,51.7
Missouri,Franklin County,49.6
Oklahoma,Creek County,49.5
Oklahoma,Garvin County,48.9
New Mexico,De Baca County,49.1
New Mexico,Doí±a Ana Count,49
New Mexico,Mora County,51.2
New Mexico,San Miguel County,49.9
New Mexico,Valencia County,50.4
New York,Cattaraugus County,49.5
New York,Columbia County,50.3
New York,Essex County,51.8
New York,Montgomery County,48.7
New York,Ontario County,48.9
North Carolina,Rockingham County,48.2
New York,Schoharie County,50
New York,Tompkins County,49.3
New York,Wyoming County,54.4
Pennsylvania,Berks County,49.1
Pennsylvania,Butler County,49.2
Pennsylvania,Carbon County,49.3
Pennsylvania,Columbia County,48
Pennsylvania,Forest County,66.9
Pennsylvania,Fulton County,50.3
Pennsylvania,Lebanon County,48.8
Pennsylvania,Lycoming County,49
Pennsylvania,Perry County,50.2
Pennsylvania,Tioga County,49
Pennsylvania,Wyoming County,50
Ohio,Coshocton County,49.4
South Carolina,Cherokee County,48.5
South Carolina,Dillon County,47
South Carolina,Greenville County,48.5
South Carolina,Hampton County,51.2
South Carolina,McCormick County,54.3
South Carolina,Pickens County,50
South Dakota,Aurora County,51
South Dakota,Brown County,48.7
South Dakota,Charles Mix County,49.5
South Dakota,Edmunds County,50.8
South Dakota,Hamlin County,50
South Dakota,Hughes County,48.6
South Dakota,Lake County,50.8
South Dakota,Marshall County,54.1
South Dakota,Sully County,54
Tennessee,Anderson County,48.3
Tennessee,Bedford County,49.6
Tennessee,Bledsoe County,54.1
Tennessee,Bradley County,48.7
Tennessee,Chester County,48.3
Tennessee,Crockett County,48
Tennessee,Fayette County,49.6
Tennessee,Grainger County,49.8
Tennessee,Hancock County,49.4
Tennessee,Hickman County,52.5
Tennessee,Lawrence County,48.8
Tennessee,Madison County,47.5
Tennessee,Moore County,49.2
Tennessee,Overton County,49.4
Tennessee,Roane County,49.1
New York,Rensselaer County,49.4
Tennessee,Trousdale County,49.7
Tennessee,Washington County,48.9
Oklahoma,Harmon County,48
Oklahoma,Haskell County,49.7
Oklahoma,Johnston County,49.3
Oklahoma,Kiowa County,49.5
Oklahoma,Major County,49.1
Oklahoma,Noble County,49.4
Oklahoma,Ottawa County,48.8
Oklahoma,Seminole County,48.8
Oklahoma,Tillman County,49.9
Oregon,Columbia County,50.1
Oregon,Grant County,49.7
Rhode Island,Providence County,48.3
Oregon,Union County,49.2
Pennsylvania,Bedford County,49.6
Texas,Glasscock County,52.9
Texas,Goliad County,49.9
Texas,Gregg County,48.9
Texas,Guadalupe County,49.2
Texas,Hartley County,61
Texas,Hays County,49.8
Texas,Hockley County,49.3
Texas,Hunt County,49.6
Texas,Jasper County,49.1
Texas,Karnes County,59.6
Texas,King County,49.3
Texas,Lamb County,49.8
Texas,Leon County,49.9
South Dakota,Pennington County,49.8
Tennessee,Smith County,49.2
Texas,Madison County,57.6
Texas,Medina County,51.4
Texas,Mitchell County,61.1
Texas,Morris County,48.2
Texas,Nueces County,49.1
Texas,Palo Pinto County,49.1
Texas,Polk County,53.5
Texas,Reeves County,60.1
Texas,San Augustine County,49.2
Texas,Schleicher County,49.9
Texas,Sherman County,51
Texas,Tarrant County,49
Texas,Trinity County,48.7
Texas,Walker County,59
Texas,Wharton County,49.2
Oklahoma,Cleveland County,50
Oregon,Marion County,49.8
Texas,Young County,49.3
Utah,Cache County,49.7
Utah,Garfield County,51.7
Tennessee,Weakley County,49
Tennessee,Williamson County,48.8
Texas,Andrews County,49.8
Texas,Bandera County,49.7
Texas,Bell County,49.5
Texas,Brazos County,50.6
Texas,Callahan County,48.8
Texas,Childress County,58.5
Texas,Coleman County,49.6
Texas,Llano County,48.3
Texas,Crosby County,48.1
Texas,Delta County,49
Texas,Duval County,51.6
Texas,Erath County,49.1
Texas,Floyd County,49.3
Texas,Frio County,58.3
Texas,Gillespie County,48.2
Virginia,New Kent County,50.9
Virginia,Northumberland County,48.7
Virginia,Rappahannock County,50
Virginia,Smyth County,48.8
Virginia,Stafford County,50.3
Virginia,Danville city,45.6
Virginia,Franklin city,44.5
Virginia,Lynchburg city,46.9
Texas,Wilson County,49.8
Virginia,Portsmouth city,48.1
Virginia,Williamsburg city,47.1
Washington,Chelan County,49.9
Washington,Kitsap County,50.6
Washington,Skamania County,50.3
Washington,Whitman County,50.9
West Virginia,Clay County,49.7
West Virginia,Hancock County,48.4
West Virginia,Lewis County,49.3
Texas,Colorado County,49.6
West Virginia,Pleasants County,53.6
West Virginia,Ritchie County,50
West Virginia,Tucker County,50.1
West Virginia,Wirt County,50.2
Wisconsin,Burnett County,50.5
Wisconsin,Dane County,49.5
Wisconsin,Dodge County,52.6
Wisconsin,Eau Claire County,49
Wisconsin,Florence County,51.1
Wisconsin,La Crosse County,48.8
Wisconsin,Lincoln County,50.1
Wisconsin,Menominee County,49.6
Wisconsin,Outagamie County,49.9
Wisconsin,Price County,50.7
Wisconsin,Shawano County,49.9
Virginia,Norton city,46.1
Wisconsin,Waupaca County,50.5
Wyoming,Campbell County,52.6
Wyoming,Goshen County,52.1
Wyoming,Uinta County,50.5
Puerto Rico,Aguadilla Municipio,48.6
Utah,Millard County,50.9
Utah,Rich County,51.7
Utah,Sevier County,50.4
Utah,Wayne County,50.5
Vermont,Grand Isle County,49.9
Virginia,Albemarle County,48.1
Virginia,Amherst County,47.8
Virginia,Botetourt County,49.5
West Virginia,Mercer County,47.8
Virginia,Dinwiddie County,49.1
Virginia,Fluvanna County,45.9
Virginia,Greene County,49.2
Virginia,King and Queen County,49.7
Virginia,Louisa County,49.3
Alabama,Conecuh County,48.5
Alabama,Covington County,48.4
Alabama,DeKalb County,49.4
Alabama,Escambia County,51.6
Alabama,Greene County,47.2
Alabama,Houston County,48
Wisconsin,Washburn County,49.8
Alabama,Lauderdale County,47.9
Alabama,Mobile County,48
Alabama,Sumter County,45.5
Alabama,Tuscaloosa County,48.5
Alabama,Winston County,49.1
Alaska,Anchorage Municipality,50.8
Alaska,Denali Borough,54.9
Alaska,Skagway Municipality,51.7
Virginia,Carroll County,49.3
California,Alameda County,49
Puerto Rico,Barceloneta Municipio,48.1
Puerto Rico,Bayamí_n Municipi,47.5
Puerto Rico,Caní_vanas Municipi,48.6
Puerto Rico,Ciales Municipio,49.3
Puerto Rico,Dorado Municipio,48
Puerto Rico,Gurabo Municipio,47.9
Puerto Rico,Juncos Municipio,47.9
Puerto Rico,Las Piedras Municipio,48.4
Puerto Rico,Moca Municipio,49.1
Puerto Rico,Peí±uelas Municipi,48.9
Puerto Rico,Salinas Municipio,48.6
Alabama,Lamar County,48.7
Puerto Rico,Villalba Municipio,49.3
Alabama,Barbour County,53.1
Alabama,Butler County,47
Alabama,Cherokee County,49.6
California,Marin County,49.2
California,Monterey County,51.4
Alaska,Haines Borough,50.8
Arkansas,Washington County,50
California,Sacramento County,49
California,San Bernardino County,49.7
Puerto Rico,Trujillo Alto Municipio,47.5
Florida,Charlotte County,48.6
Florida,Dixie County,53.8
Florida,Escambia County,49.4
Florida,Franklin County,57.6
California,Placer County,48.8
California,San Mateo County,49.2
California,Sonoma County,49.2
California,Ventura County,49.7
Colorado,Cheyenne County,49.6
Colorado,Costilla County,51.7
California,San Luis Obispo County,51.2
California,Lassen County,64.2
California,Los Angeles County,49.3
Florida,Hillsborough County,48.7
Colorado,Logan County,56.9
Colorado,Montezuma County,49.4
Colorado,Park County,52.5
Colorado,Prowers County,49.4
Colorado,Routt County,53.2
Colorado,Sedgwick County,49.3
Colorado,Yuma County,49.6
Colorado,Arapahoe County,49
Colorado,Eagle County,53.3
Colorado,Garfield County,51.6
Colorado,Jackson County,52.8
California,Fresno County,50
California,Humboldt County,50.2
Connecticut,New Haven County,48.1
Delaware,Kent County,48.1
Delaware,New Castle County,48.4
Florida,Bay County,49.5
Texas,Angelina County,49
Texas,Aransas County,49.6
Texas,Atascosa County,49.3
Texas,Austin County,49.5
Texas,Bailey County,50.5
Texas,Baylor County,48.2
Texas,Bexar County,49
Texas,Bosque County,49.7
Texas,Brewster County,50.2
Texas,Briscoe County,49.8
Texas,Caldwell County,50.4
West Virginia,Ohio County,47.6
West Virginia,Pendleton County,50.6
West Virginia,Pocahontas County,51.3
West Virginia,Randolph County,51.5
West Virginia,Roane County,49.5
West Virginia,Tyler County,49
West Virginia,Wetzel County,49.1
West Virginia,Wood County,48.2
Wisconsin,Ashland County,50
Wisconsin,Barron County,49.7
Wisconsin,Buffalo County,50.5
Wisconsin,Calumet County,50.1
Wisconsin,Chippewa County,51.9
Wisconsin,Columbia County,50.9
Wisconsin,Crawford County,51.5
Puerto Rico,Hatillo Municipio,48.4
Puerto Rico,Hormigueros Municipio,46.5
Puerto Rico,Isabela Municipio,48.7
Puerto Rico,Jayuya Municipio,50
Puerto Rico,Lajas Municipio,48.9
Puerto Rico,Loí_za Municipi,47
Puerto Rico,Luquillo Municipio,47.6
Puerto Rico,Maunabo Municipio,49.4
Puerto Rico,Morovis Municipio,49.8
Puerto Rico,Naguabo Municipio,48
Puerto Rico,Orocovis Municipio,50.4
Puerto Rico,Rincí_n Municipi,48.5
Puerto Rico,Rí_o Grande Municipi,48.8
Puerto Rico,San Germíçn Municipi,48.5
Puerto Rico,San Sebastiíçn Municipi,48.8
Illinois,St. Clair County,48.1
Illinois,Warren County,48.6
Illinois,Williamson County,49.5
Indiana,Bartholomew County,49.4
Indiana,Brown County,49.6
Indiana,Clinton County,49.4
Indiana,Delaware County,48.1
Indiana,Floyd County,48.5
Indiana,Fountain County,49.5
Indiana,Fulton County,49.7
Indiana,Grant County,48.1
Indiana,Hendricks County,49.8
Indiana,Jasper County,49.8
Indiana,LaPorte County,51.7
Indiana,Monroe County,49.9
Indiana,Parke County,46.8
Indiana,Putnam County,52.8
Texas,Cameron County,48.1
Texas,Carson County,49.2
Texas,Cass County,48.5
Texas,Chambers County,50.3
Texas,Clay County,49.1
Texas,Collingsworth County,49
Texas,Comal County,49.1
Texas,Crockett County,49.2
Texas,Culberson County,48.7
Texas,Dallas County,49.4
Wisconsin,Douglas County,50
Wisconsin,Forest County,50.8
Wisconsin,Green County,49.5
Wisconsin,Jefferson County,49.8
Wisconsin,Juneau County,52.6
Wisconsin,Kewaunee County,50.8
Wisconsin,Marathon County,50.2
Virginia,Page County,49.2
Puerto Rico,Toa Baja Municipio,47.4
Puerto Rico,Utuado Municipio,49
Puerto Rico,Vega Alta Municipio,47.8
Puerto Rico,Yabucoa Municipio,48.8
Puerto Rico,Yauco Municipio,48.4
Alabama,Baldwin County,48.9
Alabama,Clay County,49
Alabama,Crenshaw County,48.3
Alabama,Fayette County,49.3
Alabama,Jefferson County,47.4
Alabama,Marengo County,47.1
Alabama,Morgan County,49.3
Alabama,St. Clair County,50.1
Indiana,Scott County,49.4
Indiana,Sullivan County,54.3
Indiana,Vigo County,50.6
Iowa,Appanoose County,48.7
Iowa,Buena Vista County,50.1
Iowa,Cass County,48.9
Georgia,Glynn County,47.5
Georgia,Greene County,48.8
Georgia,Haralson County,48.9
Georgia,Houston County,48.7
Georgia,Jefferson County,48.3
Georgia,Long County,49.5
Georgia,Macon County,54.1
Georgia,Monroe County,50.2
Georgia,Oconee County,48.8
Georgia,Pickens County,49.1
Texas,Deaf Smith County,49.8
Texas,Denton County,49.2
Texas,Dickens County,56.6
Texas,Donley County,49.6
Texas,Eastland County,48.8
Texas,Ellis County,49.4
Texas,Falls County,47.5
Texas,Fisher County,49.3
Texas,Foard County,47.7
Texas,Freestone County,52.7
Virginia,Northampton County,47.9
Virginia,Nottoway County,52.8
Virginia,Orange County,49
Virginia,Pittsylvania County,49.2
Virginia,Prince George County,54.6
Wisconsin,Marinette County,49.7
Wisconsin,Oneida County,50
Wisconsin,Ozaukee County,49
Wisconsin,Pepin County,50.6
Wisconsin,Pierce County,49.8
Wisconsin,Portage County,50
Wisconsin,Racine County,49.5
Wisconsin,Richland County,50.2
Wisconsin,Sauk County,49.8
Wisconsin,Sawyer County,50.7
Alabama,Washington County,49.2
Alaska,Fairbanks North Star Borough,52.8
Alaska,Southeast Fairbanks Census Area,55.7
Arkansas,Yell County,49.9
California,Colusa County,51.4
California,Inyo County,50.4
California,Merced County,50.3
California,Plumas County,50
California,San Joaquin County,49.8
California,Sierra County,50.8
Georgia,Putnam County,48.7
Georgia,Schley County,48
Georgia,Stewart County,60.8
Georgia,Telfair County,57.3
Georgia,Treutlen County,50.1
Georgia,Walton County,48.7
Kansas,Clark County,48.5
Kansas,Coffey County,49.4
Kansas,Comanche County,48.2
Kansas,Douglas County,50.1
Kansas,Finney County,50.2
Kansas,Gray County,49.1
Kansas,Haskell County,50
Kansas,Kearny County,50.8
Kansas,Lane County,48.9
Kansas,Lyon County,48.9
Kansas,Mitchell County,50.5
Kansas,Neosho County,49.4
Kansas,Osage County,49.7
Kansas,Pratt County,49.3
Virginia,Richmond County,56.5
Virginia,Roanoke County,47.7
Virginia,Rockingham County,49.1
Virginia,Shenandoah County,48.9
Virginia,Surry County,49.4
Virginia,Sussex County,58.6
Virginia,Washington County,49.3
Virginia,Westmoreland County,48.8
Virginia,York County,48.9
Virginia,Chesapeake city,48.6
Virginia,Covington city,48.4
Virginia,Fairfax city,49.3
Wisconsin,Sheboygan County,50.2
Wisconsin,Taylor County,51
Wisconsin,Walworth County,50.1
Wisconsin,Waukesha County,49.1
Wisconsin,Waushara County,52.6
Wyoming,Albany County,52.1
Wyoming,Carbon County,53.8
Wyoming,Fremont County,49.9
Wyoming,Johnson County,50.9
Wyoming,Lincoln County,51.4
Wyoming,Sublette County,54.2
California,Tulare County,50.1
Colorado,Bent County,65.7
Colorado,Clear Creek County,52.1
Colorado,Custer County,51.6
Colorado,El Paso County,49.8
Colorado,Grand County,53.4
Colorado,Hinsdale County,52.6
Colorado,Jefferson County,49.6
Colorado,Kit Carson County,56.1
Colorado,Mineral County,50.8
Colorado,Otero County,49
Colorado,Rio Grande County,49.7
Colorado,Summit County,54.9
Connecticut,Litchfield County,49.1
Florida,Bradford County,56.1
Kansas,Rice County,50.2
Kansas,Saline County,49.8
Kansas,Sheridan County,50.9
Kansas,Sumner County,49.9
Kansas,Wyandotte County,49.3
Kentucky,Anderson County,48.9
Kentucky,Ballard County,49.7
Kentucky,Boyd County,49.7
Kentucky,Campbell County,49
Kentucky,Clark County,48.8
Kentucky,Crittenden County,49.9
Kentucky,Floyd County,48.9
Kentucky,Green County,49.3
Kentucky,Hardin County,49.9
Kentucky,Jessamine County,48.7
Kentucky,Larue County,49.6
Kentucky,Lincoln County,49.4
Virginia,Prince William County,49.7
Virginia,Galax city,47.1
Virginia,Lexington city,55.7
Virginia,Manassas city,50.1
Virginia,Manassas Park city,50.7
Virginia,Norfolk city,51.8
Virginia,Petersburg city,46.7
Virginia,Radford city,47.4
Virginia,Staunton city,45.3
Virginia,Virginia Beach city,49
Virginia,Winchester city,49.2
Washington,Benton County,49.9
Washington,Clark County,49.4
Wyoming,Sweetwater County,52.2
Wyoming,Teton County,52.6
Puerto Rico,Adjuntas Municipio,48.9
Puerto Rico,Aguas Buenas Municipio,49
Puerto Rico,Aí±asco Municipi,48.6
Puerto Rico,Arroyo Municipio,47.2
Utah,Sanpete County,52.3
Utah,Summit County,51.5
Utah,Uintah County,50.8
Utah,Washington County,49.4
Vermont,Bennington County,48.4
Vermont,Chittenden County,48.7
Vermont,Franklin County,49.6
Florida,Clay County,49
Florida,DeSoto County,56.6
Florida,Gadsden County,48.8
Florida,Hamilton County,58.9
Florida,Leon County,47.6
Florida,Manatee County,48.4
Florida,Martin County,49.5
Florida,Pasco County,48.6
Florida,Seminole County,48.4
Florida,Walton County,51.2
Georgia,Ben Hill County,47.9
Georgia,Bryan County,49.1
Kentucky,McCreary County,54.3
Kentucky,Marshall County,49.2
Kentucky,Menifee County,49.9
Kentucky,Nicholas County,49.7
Kentucky,Oldham County,52.6
Kentucky,Owsley County,49.5
Kentucky,Pulaski County,48.8
Kentucky,Scott County,49.3
Kentucky,Warren County,48.9
Kentucky,Wolfe County,49.1
Louisiana,Assumption Parish,48.9
Louisiana,Caldwell Parish,51.2
Louisiana,East Baton Rouge Parish,48
Louisiana,Evangeline Parish,50.4
Louisiana,La Salle Parish,51.5
Louisiana,Natchitoches Parish,47.7
Washington,Columbia County,49.6
Washington,Douglas County,50
Washington,Garfield County,49.3
Washington,Island County,49.5
Washington,Jefferson County,49.5
Washington,Kittitas County,50.8
Washington,Klickitat County,50.5
Vermont,Lamoille County,50
Vermont,Orange County,49.8
Vermont,Washington County,49.4
Vermont,Windham County,49.1
Virginia,Alleghany County,48.9
Virginia,Appomattox County,48.7
Virginia,Arlington County,49.8
Virginia,Augusta County,50.7
Virginia,Bland County,55.2
Virginia,Brunswick County,52.5
Virginia,Campbell County,48.7
Virginia,Charles City County,49.2
Georgia,Catoosa County,48.5
Georgia,Clinch County,48.8
Georgia,Dade County,49.3
Georgia,Dooly County,54
Georgia,Early County,47.2
Georgia,Forsyth County,49.7
Arizona,Apache County,49.9
Arizona,Gila County,49.7
Arizona,Pima County,49.1
Arkansas,Bradley County,48.5
Arkansas,Cleburne County,49.2
Arkansas,Cross County,48.2
Arkansas,Dallas County,49
Louisiana,Red River Parish,47.8
Louisiana,St. Tammany Parish,48.8
Iowa,Clay County,49
Iowa,Clayton County,50.1
Iowa,Dallas County,48.9
Iowa,Des Moines County,48.6
Iowa,Greene County,49.4
Iowa,Hancock County,49.9
Iowa,Humboldt County,49.4
Iowa,Jasper County,50.9
Iowa,Louisa County,50.9
Iowa,Mitchell County,49.3
Iowa,Palo Alto County,49.7
Iowa,Poweshiek County,48.9
Iowa,Shelby County,48.8
Iowa,Wapello County,48.9
Iowa,Webster County,51.2
Iowa,Wright County,49.7
Washington,Pacific County,50.1
Washington,Pend Oreille County,50.7
Washington,Skagit County,49.6
Washington,Stevens County,50
Washington,Thurston County,48.7
Washington,Walla Walla County,50.8
Virginia,Charlotte County,49.1
Virginia,Chesterfield County,48.2
Virginia,Craig County,49.4
Virginia,Dickenson County,50
Virginia,Fauquier County,49.3
Virginia,Franklin County,49.3
Virginia,Frederick County,49.7
Virginia,Gloucester County,49.5
Virginia,Greensville County,62.6
Virginia,Henry County,48.2
Virginia,James City County,48.3
Arkansas,Greene County,49
Arkansas,Izard County,51.5
Arkansas,Lincoln County,60.1
Arkansas,Monroe County,47.8
Arkansas,Pike County,49.6
Arkansas,Prairie County,49.5
Arkansas,Sharp County,49.4
Georgia,Webster County,48.7
Georgia,White County,48.9
Georgia,Wilcox County,58.7
Hawaii,Kalawao County,46.7
Idaho,Bannock County,49.9
Idaho,Canyon County,49.5
Idaho,Elmore County,51.7
Kansas,Brown County,48.7
Kansas,Cheyenne County,50.4
Michigan,Gratiot County,53.2
Michigan,Houghton County,54.1
Michigan,Ingham County,48.6
Michigan,Iosco County,49.3
Michigan,Lapeer County,50.4
Michigan,Mecosta County,50.2
Michigan,Montcalm County,51.7
Michigan,Ogemaw County,49.8
Michigan,Oscoda County,50.4
Michigan,Saginaw County,48.3
Michigan,Van Buren County,49.6
Minnesota,Becker County,50.2
Minnesota,Brown County,49.7
Minnesota,Clay County,49.4
Minnesota,Freeborn County,49.5
Arizona,Navajo County,50
Arizona,Santa Cruz County,47.6
Arizona,Yavapai County,49
Arkansas,Baxter County,48.2
Arkansas,Benton County,49.3
Arkansas,Chicot County,49.1
Arkansas,Cleveland County,49.3
Arkansas,Craighead County,48.8
Illinois,Christian County,50.7
Illinois,Clinton County,51.7
Nevada,Clark County,50.3
Nevada,Lander County,50.7
Nevada,Lyon County,50.4
Nevada,Nye County,50.5
Nevada,Washoe County,50.5
New Hampshire,Carroll County,49.5
North Dakota,McIntosh County,48.9
North Dakota,Morton County,49.9
North Dakota,Oliver County,52.3
North Dakota,Ramsey County,49.7
North Dakota,Sioux County,51.3
North Dakota,Ward County,50.7
North Dakota,Williams County,51.6
Ohio,Ashtabula County,49.9
Pennsylvania,Northumberland County,49.9
Pennsylvania,Schuylkill County,50.7
Pennsylvania,Union County,55
Pennsylvania,Westmoreland County,48.7
Rhode Island,Bristol County,48
Arizona,La Paz County,51.5
Illinois,Cook County,48.4
South Carolina,Anderson County,48.2
South Carolina,Beaufort County,49.4
New Hampshire,Coos County,50.8
South Carolina,Dorchester County,48.6
South Carolina,Florence County,47
South Carolina,Georgetown County,47.6
South Carolina,Lee County,51.8
South Carolina,Marion County,45.7
South Carolina,Oconee County,49.4
Ohio,Clermont County,49.3
South Carolina,York County,48.3
South Dakota,Bon Homme County,58.4
South Dakota,Buffalo County,49
South Dakota,Campbell County,50.8
South Dakota,Corson County,51
South Dakota,Deuel County,51.6
South Dakota,Grant County,50.8
South Dakota,Gregory County,50.3
South Dakota,Lawrence County,49.5
Rhode Island,Washington County,48.6
South Dakota,McPherson County,48.9
South Dakota,Minnehaha County,49.9
South Dakota,Perkins County,50.2
South Dakota,Roberts County,50.2
South Dakota,Tripp County,49.3
South Dakota,Yankton County,51.5
Tennessee,Campbell County,48.8
South Carolina,Charleston County,48.5
Tennessee,Cumberland County,48.8
Tennessee,Dickson County,49.1
Tennessee,Dyer County,48.2
Tennessee,Giles County,48.8
Tennessee,Hamilton County,48.1
Tennessee,Hardin County,48.7
Tennessee,Henry County,48.4
Tennessee,Jefferson County,49.1
Tennessee,Johnson County,53.9
South Carolina,Union County,47.6
Tennessee,McMinn County,48.6
Tennessee,Marion County,49.1
Tennessee,Meigs County,49.7
Tennessee,Monroe County,49.5
Tennessee,Perry County,50.2
Tennessee,Putnam County,49.5
Tennessee,Robertson County,49.2
Tennessee,Sequatchie County,49.6
Tennessee,Shelby County,47.7
Tennessee,Sullivan County,48.4
Tennessee,Wayne County,55.2
South Dakota,Lincoln County,49.5
Oklahoma,Kay County,49.3
Oklahoma,Le Flore County,50.2
Oklahoma,McCurtain County,49
Oklahoma,Murray County,49.8
Oklahoma,Nowata County,49.4
Oklahoma,Okmulgee County,49.5
Oklahoma,Osage County,50.3
Oklahoma,Rogers County,49.5
Oklahoma,Stephens County,48.8
Tennessee,Cocke County,48.5
Oklahoma,Woods County,53.5
Oregon,Baker County,50.5
Oregon,Clatsop County,49.7
Oregon,Curry County,49.4
Texas,San Patricio County,49.6
Tennessee,Lauderdale County,52.5
Texas,Taylor County,48.7
Texas,Terrell County,51.7
Texas,Tyler County,53.9
Texas,Val Verde County,50.2
Oregon,Jackson County,48.7
Oregon,Klamath County,49.8
Oregon,Lane County,49.2
Oregon,Linn County,49.4
Oregon,Morrow County,51.5
Oklahoma,Jackson County,49.8
Oregon,Tillamook County,50.5
Oregon,Wallowa County,49.1
Texas,Jefferson County,51.1
Texas,Kendall County,48.8
Texas,Kenedy County,51
Oklahoma,Texas County,52
Texas,Liberty County,49.2
Texas,Lipscomb County,50.3
Texas,Webb County,48.5
Texas,Wilbarger County,49.8
Texas,Winkler County,49.9
Texas,Yoakum County,49.5
Utah,Beaver County,51.4
Utah,Box Elder County,50.4
Utah,Emery County,50.9
Utah,Kane County,49.4
Oregon,Yamhill County,50.2
Pennsylvania,Allegheny County,47.9
Texas,Grayson County,48.7
Texas,Hardeman County,49.6
Texas,Harris County,49.8
Texas,Hood County,49.2
Texas,Houston County,53.8
Texas,Hudspeth County,50.3
Oregon,Multnomah County,49.5
Texas,Matagorda County,50
Texas,Montague County,49
Texas,Newton County,51.5
Texas,Parmer County,51.2
Texas,Pecos County,56.4
Texas,Reagan County,51.9
Texas,Red River County,48.7
Indiana,Hancock County,49.1
Texas,Lamar County,48.3
Indiana,Jefferson County,48.2
Indiana,Knox County,50.3
Indiana,Lake County,48.3
Indiana,Miami County,53.3
Indiana,Morgan County,49.6
Indiana,Orange County,49.7
Indiana,Perry County,53
Kentucky,Pike County,49
Kentucky,Russell County,48.9
Kentucky,Simpson County,48.9
Kentucky,Trimble County,50.9
Utah,Iron County,49.7
Texas,Martin County,50.2
Louisiana,Acadia Parish,48.8
Louisiana,Avoyelles Parish,50.1
Louisiana,Bossier Parish,49.2
Louisiana,Caddo Parish,47.5
Minnesota,Cook County,49.9
Minnesota,Goodhue County,49.6
Texas,Starr County,48.3
Indiana,Harrison County,50
Minnesota,Jackson County,50.6
Minnesota,Lake County,50.4
Minnesota,Marshall County,50.7
Michigan,Cheboygan County,49.8
Indiana,Rush County,49.3
Indiana,St. Joseph County,48.5
Indiana,Spencer County,50.3
Indiana,Tippecanoe County,51
Kentucky,Union County,51.1
Indiana,Wabash County,48.6
Indiana,Washington County,49.9
Indiana,Wayne County,48.6
Iowa,Allamakee County,51
Iowa,Buchanan County,49.6
Iowa,Carroll County,48.7
Louisiana,Concordia Parish,50.3
Louisiana,East Feliciana Parish,53.8
Minnesota,Houston County,49.6
Louisiana,Lafourche Parish,49.1
Minnesota,Nobles County,51.1
Minnesota,Pine County,53.6
Minnesota,Polk County,50.1
Minnesota,Rock County,49.4
Indiana,Vanderburgh County,48.2
Minnesota,Wabasha County,50.1
Minnesota,Washington County,49.5
Michigan,Grand Traverse County,49.4
Missouri,Mississippi County,53.6
Louisiana,Iberia Parish,48.8
Missouri,Nodaway County,50.7
Georgia,Hancock County,54.8
Georgia,Hart County,49.4
Georgia,Irwin County,50.4
Georgia,Jeff Davis County,49.5
Georgia,Johnson County,56
Georgia,Lee County,49.8
Georgia,Liberty County,48.8
Georgia,Lowndes County,48.8
Minnesota,St. Louis County,50
Georgia,Montgomery County,51.5
Georgia,Murray County,49.6
Louisiana,Orleans Parish,48.4
Missouri,New Madrid County,48
Mississippi,Adams County,49.9
Mississippi,Chickasaw County,47.5
Mississippi,Clarke County,47.6
Mississippi,Copiah County,48.3
Mississippi,DeSoto County,48.7
Mississippi,Hancock County,49.6
Mississippi,Harrison County,49.7
Mississippi,Issaquena County,58
Georgia,Meriwether County,47.7
Missouri,Platte County,49.2
Missouri,Putnam County,49.7
Missouri,Reynolds County,51
Missouri,St. Charles County,49.1
Missouri,St. Louis County,47.3
Missouri,Shannon County,49.8
Missouri,Stone County,49.3
Missouri,Vernon County,48.5
Missouri,Worth County,49.1
Georgia,Pulaski County,43.2
Georgia,Rabun County,49.3
Louisiana,St. Bernard Parish,50.6
Georgia,Spalding County,48.5
Georgia,Sumter County,47.6
Georgia,Tattnall County,58.2
Georgia,Terrell County,48.1
Georgia,Toombs County,47.5
Georgia,Towns County,47.7
Georgia,Walker County,49.1
Missouri,Pettis County,49.2
Kansas,Cowley County,49.9
Louisiana,St. Mary Parish,49.4
Louisiana,Terrebonne Parish,49.7
Iowa,Dickinson County,49.6
Iowa,Fremont County,49.7
Iowa,Hardin County,49.7
Georgia,Rockdale County,47.6
Iowa,Van Buren County,50.3
Maine,Somerset County,49.6
Maine,York County,48.7
Georgia,Warren County,46.2
Louisiana,Winn Parish,52.4
Maine,Androscoggin County,48.9
Maine,Aroostook County,49.2
Maine,Cumberland County,48.5
Iowa,Harrison County,49.2
Montana,Flathead County,49.8
Montana,Glacier County,48.9
Montana,Hill County,50.5
Kansas,Dickinson County,49.3
Kansas,Doniphan County,50.4
Kansas,Ford County,51.6
Kansas,Gove County,50
Kansas,Greeley County,47.7
Kansas,Hodgeman County,50
Kansas,Jewell County,51.2
Kansas,Kiowa County,49.2
Maryland,Baltimore County,47.3
Montana,Meagher County,50.6
Montana,Missoula County,50.3
Montana,Petroleum County,54
Montana,Powder River County,50.8
Montana,Prairie County,51
Maine,Lincoln County,49
Montana,Beaverhead County,51.2
Montana,Carter County,50.5
Montana,Daniels County,50.3
Montana,Fallon County,50.7
Kansas,Leavenworth County,53.1
Kansas,Linn County,50.1
Kansas,Meade County,50.8
Iowa,Kossuth County,49.6
Iowa,Lee County,50.6
Iowa,Marshall County,50.3
Iowa,Monona County,48.9
Iowa,Muscatine County,49.7
Iowa,Page County,51.9
Iowa,Pottawattamie County,49
Iowa,Scott County,49
Iowa,Taylor County,49.8
Connecticut,Fairfield County,48.6
Florida,Pinellas County,48
Florida,Taylor County,55.6
Florida,Wakulla County,55.2
Georgia,Baldwin County,49.6
Illinois,Fulton County,51.7
Illinois,Grundy County,49.9
Illinois,Hancock County,49.2
Illinois,Kankakee County,49.1
Illinois,Lake County,49.9
Illinois,Macon County,47.8
Illinois,Madison County,48.9
Illinois,Mercer County,49.4
Illinois,Morgan County,50.2
Illinois,Peoria County,48.4
Illinois,Pike County,49.9
New Hampshire,Merrimack County,49.2
New Hampshire,Sullivan County,49.4
New Jersey,Bergen County,48.2
New Jersey,Burlington County,49.1
New Jersey,Cumberland County,51.5
New Jersey,Middlesex County,49.1
Ohio,Erie County,49
Ohio,Hamilton County,48
Ohio,Hocking County,50
Ohio,Jefferson County,48
Ohio,Lake County,48.7
Ohio,Lucas County,48.4
Ohio,Meigs County,49.1
Ohio,Noble County,57.8
Georgia,Bartow County,49.4
Georgia,Bibb County,47.1
Georgia,Brooks County,48.6
Georgia,Camden County,50.6
Georgia,Chatham County,48.2
Georgia,Clay County,45.9
Georgia,Cobb County,48.6
Georgia,Columbia County,48.6
Georgia,Crisp County,47.9
Georgia,DeKalb County,47.9
Illinois,Randolph County,54.9
Illinois,Scott County,48.9
Illinois,Shelby County,49.8
Illinois,Union County,49.9
Illinois,Wabash County,48.9
Illinois,White County,48.3
Illinois,Winnebago County,48.9
Indiana,Allen County,48.7
Indiana,Clark County,49
Indiana,Dearborn County,49.7
New Jersey,Monmouth County,48.6
New Jersey,Somerset County,48.7
New Jersey,Warren County,48.6
New Mexico,Chaves County,49.5
New Mexico,Curry County,50.2
Mississippi,Marshall County,49.5
Mississippi,Noxubee County,47.9
Ohio,Ottawa County,49.3
Ohio,Scioto County,49.4
Ohio,Trumbull County,48.6
Ohio,Warren County,50.3
Ohio,Washington County,48.8
Oklahoma,Adair County,50
Oklahoma,Choctaw County,48.2
Georgia,Douglas County,48.2
Georgia,Franklin County,49.4
Georgia,Fulton County,48.7
Alaska,Yakutat City and Borough,54.4
Arizona,Coconino County,49.6
Idaho,Idaho County,52.2
Idaho,Lemhi County,51
Idaho,Owyhee County,51.1
Idaho,Twin Falls County,49.4
Idaho,Washington County,49.2
Michigan,Berrien County,48.7
Mississippi,Tunica County,47.2
Mississippi,Warren County,47.5
Mississippi,Yazoo County,54.4
Missouri,Atchison County,49.6
Missouri,Boone County,48.5
Missouri,Caldwell County,50.2
Oklahoma,Comanche County,51.5
Oklahoma,Craig County,50.8
Oklahoma,Delaware County,49.3
Oklahoma,Grant County,49.7
New Mexico,Grant County,49.1
New Mexico,Lea County,51.1
New Mexico,McKinley County,48.4
Ohio,Cuyahoga County,47.4
Florida,Lee County,49.1
Florida,Miami-Dade County,48.4
Arkansas,Desha County,46.9
Arkansas,Fulton County,49
Kentucky,Henderson County,48.3
Kentucky,Jefferson County,48.3
Kentucky,Knox County,48.7
Kentucky,Lawrence County,49.4
Kentucky,Letcher County,49.3
Kentucky,Livingston County,49
Kentucky,Magoffin County,50.1
Kentucky,Martin County,55.3
Kentucky,Meade County,50.1
Michigan,Sanilac County,49.4
Missouri,Cape Girardeau County,48.4
Missouri,Cass County,48.8
Missouri,Clark County,50
Missouri,Cooper County,52.7
Missouri,DeKalb County,62.7
Missouri,Dunklin County,48
Missouri,Harrison County,49.6
Missouri,Holt County,49.4
North Carolina,Bertie County,49.5
North Carolina,Cabarrus County,48.8
North Carolina,Columbus County,49.5
New Mexico,Taos County,49.2
New Mexico,Union County,57
New York,Bronx County,46.9
New York,Chautauqua County,49.3
New York,Delaware County,50.2
New York,Jefferson County,50.9
Florida,Lake County,48.5
Arkansas,Independence County,49
Arkansas,Jefferson County,49.2
Arkansas,Lawrence County,48.6
Arkansas,Lee County,55.7
Arkansas,Logan County,50.1
Arkansas,Miller County,49.2
Arkansas,Mississippi County,48.4
Arkansas,Pulaski County,48.1
Michigan,Ontonagon County,51.6
Michigan,Schoolcraft County,49.5
Minnesota,Anoka County,50
Minnesota,Big Stone County,48.9
Minnesota,Carver County,49.7
North Carolina,Carteret County,49.4
North Carolina,Cumberland County,48.3
North Carolina,Currituck County,49.6
North Carolina,Graham County,49.3
North Carolina,Greene County,53.6
New York,Madison County,49.1
New York,New York County,46.9
New York,Onondaga County,48.1
Oklahoma,Beaver County,50.9
Arkansas,Randolph County,49
Arkansas,Sebastian County,49
Arkansas,Union County,48.7
Georgia,Worth County,48
Hawaii,Honolulu County,50.1
Michigan,Alcona County,50.8
Michigan,Alpena County,49.1
Michigan,Arenac County,50.7
North Carolina,Henderson County,48.3
North Carolina,Hyde County,55.5
North Carolina,Macon County,48.6
North Carolina,Madison County,49.5
North Carolina,Mitchell County,48.8
North Carolina,Pamlico County,51
North Carolina,Polk County,47.9
North Carolina,Robeson County,48.6
North Carolina,Rutherford County,48.3
New York,Richmond County,48.5
New York,Schenectady County,48.4
New York,Seneca County,52.4
New York,Sullivan County,51.1
New York,Washington County,51.8
New York,Erie County,48.2
Pennsylvania,Centre County,51.8
Pennsylvania,Clearfield County,51.6
Pennsylvania,Crawford County,48.8
Hawaii,Kauai County,50.2
Idaho,Bonner County,50.4
Idaho,Camas County,52.1
Idaho,Caribou County,50.4
Idaho,Clark County,55.3
Idaho,Custer County,53.1
Michigan,Baraga County,54.9
Nebraska,Sioux County,51.3
Nebraska,Washington County,49.8
Nevada,Churchill County,50.3
North Carolina,Sampson County,49
North Carolina,Transylvania County,48.3
North Carolina,Washington County,47
North Carolina,Yadkin County,49.2
North Dakota,Adams County,48.3
North Dakota,Cass County,50.4
North Dakota,Divide County,51.2
North Dakota,Golden Valley County,49.5
North Dakota,Kidder County,51
North Dakota,McHenry County,51.8
Pennsylvania,Dauphin County,48.3
Pennsylvania,Franklin County,48.9
Pennsylvania,Jefferson County,49.3
Pennsylvania,Lehigh County,48.4
Pennsylvania,McKean County,51
Pennsylvania,Mercer County,49
Pennsylvania,Northampton County,48.8
Nebraska,Nuckolls County,49.5
Nebraska,Red Willow County,49.6
West Virginia,Cabell County,48.8
West Virginia,Fayette County,50.1
West Virginia,Greenbrier County,48.7
West Virginia,Hardy County,50.5
West Virginia,Jefferson County,49.4
West Virginia,Logan County,49.3
West Virginia,McDowell County,49.5
Virginia,Spotsylvania County,49
Virginia,Tazewell County,49.4
Virginia,Wise County,51.7
Virginia,Bristol city,47
Virginia,Colonial Heights city,46.3
Virginia,Fredericksburg city,45.9
Wisconsin,Vernon County,49.9
Wisconsin,Vilas County,50.7
Wisconsin,Winnebago County,50.3
Wyoming,Big Horn County,50.4
Missouri,Greene County,48.7
Ohio,Henry County,49.5
Texas,Haskell County,52.6
Wisconsin,St. Croix County,50.1
Virginia,Henrico County,47
Alabama,Cullman County,49.4
Connecticut,Hartford County,48.3
Georgia,Chattahoochee County,62.5
Arkansas,Columbia County,47.7
Illinois,Carroll County,50.1
North Carolina,Moore County,47.8
North Dakota,Pembina County,51
Ohio,Auglaize County,49.6
Nebraska,Lincoln County,49.4
West Virginia,Mingo County,49
Wyoming,Converse County,50.7
Oklahoma,Ellis County,48.8
Kansas,Phillips County,49.5
Kansas,Republic County,49.1
Kansas,Russell County,49.4
Kansas,Seward County,51.5
Kansas,Smith County,49
Kansas,Stevens County,49.6
Kansas,Wallace County,50
Kansas,Washington County,50.7
Iowa,Woodbury County,49.3
Kansas,Bourbon County,49
Virginia,Lee County,52.2
Virginia,Loudoun County,49.3
Virginia,Middlesex County,49.9
Puerto Rico,Cabo Rojo Municipio,47.9
Puerto Rico,Ceiba Municipio,47.3
Puerto Rico,Corozal Municipio,48.8
Puerto Rico,Culebra Municipio,50.7
Puerto Rico,Guíçnica Municipi,48.3
Wyoming,Crook County,51.5
Wyoming,Hot Springs County,49.4
Wyoming,Laramie County,50
Wyoming,Niobrara County,46.7
Wyoming,Park County,49.7
Virginia,Hampton city,47.8
Virginia,Newport News city,48.3
Virginia,Poquoson city,49.4
Virginia,Roanoke city,47.8
New York,Queens County,48.4
Pennsylvania,Chester County,49.1
Indiana,Jackson County,49.8
Montana,Mineral County,51.8
Nebraska,Gosper County,50.1
Texas,Cottle County,47.4
Texas,Fannin County,53
Virginia,Caroline County,49.2
California,Santa Clara County,50.2
Kentucky,Spencer County,50.8
Nebraska,Morrill County,49.9
North Carolina,Watauga County,50.2
Kansas,Cherokee County,49.7
Michigan,Huron County,49.6
Michigan,Leelanau County,49.3
Maryland,Montgomery County,48
Washington,Whatcom County,49.5
Texas,Bee County,59.8
Texas,Borden County,52.3
Texas,Bowie County,50.5
Texas,Brazoria County,50.8
Texas,Brown County,49.4
Texas,Burleson County,49.5
West Virginia,Putnam County,49.1
West Virginia,Raleigh County,49.9
Virginia,Suffolk city,48
Washington,Adams County,51
Washington,Asotin County,48.3
Washington,Clallam County,49.6
Wyoming,Washakie County,49.9
Puerto Rico,Aguada Municipio,49.1
Puerto Rico,Aibonito Municipio,48.5
New Mexico,Sandoval County,48.9
South Carolina,Berkeley County,49.9
Virginia,Emporia city,46.1
Missouri,Howell County,48.4
Minnesota,Mower County,49.8
Kansas,Miami County,49.4
Nebraska,Custer County,49.6
West Virginia,Doddridge County,53.5
Maryland,Prince George's County,48
Maryland,Wicomico County,47.7
Montana,Valley County,49.7
Montana,Yellowstone County,48.9
Nebraska,Banner County,51.3
Nebraska,Boyd County,49.5
West Virginia,Taylor County,50.6
West Virginia,Upshur County,49.2
West Virginia,Wayne County,48.8
West Virginia,Wyoming County,49.6
Wisconsin,Brown County,49.5
Puerto Rico,Juana Dí_az Municipi,48.2
Puerto Rico,Lares Municipio,49.2
Puerto Rico,Manatí_ Municipi,47.7
Utah,San Juan County,50.2
Utah,Tooele County,50.4
Utah,Utah County,50.1
Utah,Weber County,50.2
Vermont,Addison County,49.9
Vermont,Essex County,50.6
Washington,Ferry County,51.7
Washington,Grant County,51
Nebraska,Cherry County,49.8
Nebraska,Cuming County,49.6
Nebraska,Dakota County,49.9
Nebraska,Deuel County,49.1
Kentucky,Bracken County,49.8
Kentucky,Bullitt County,49.5
Kentucky,Calloway County,48.2
Kentucky,Carroll County,50.9
Kentucky,Clay County,53.4
Kentucky,Cumberland County,49.1
Kentucky,Daviess County,48.5
Kentucky,Franklin County,48.4
Puerto Rico,Mayagí_ez Municipi,48
Puerto Rico,Patillas Municipio,49.4
Puerto Rico,Ponce Municipio,48.1
Puerto Rico,Sabana Grande Municipio,47.7
Puerto Rico,San Juan Municipio,45.9
Puerto Rico,Santa Isabel Municipio,48.3
Texas,Calhoun County,50.7
Washington,Grays Harbor County,51.3
Washington,King County,49.8
Washington,Lincoln County,49.9
Washington,Okanogan County,50.5
Vermont,Rutland County,49.3
Vermont,Windsor County,49
Nebraska,Cass County,50.2
Kentucky,Fulton County,49.6
Kentucky,Greenup County,48.4
Michigan,Menominee County,50.3
Michigan,Muskegon County,49.6
Texas,Cherokee County,50.8
Texas,Coke County,49
Texas,Collin County,49.1
Texas,Comanche County,49.3
Texas,Cooke County,49.6
Texas,Dallam County,51.9
Wisconsin,Grant County,52
Wisconsin,Iron County,50
Wisconsin,Kenosha County,49.5
Wisconsin,Lafayette County,51
Virginia,Accomack County,48.7
Virginia,Bedford County,49.6
Virginia,Buchanan County,51.1
Washington,Pierce County,49.4
Michigan,Oceana County,50.2
Massachusetts,Bristol County,48.4
Massachusetts,Hampden County,48
Massachusetts,Middlesex County,48.6
Wisconsin,Manitowoc County,49.7
Texas,El Paso County,48.4
Texas,Gaines County,50.2
Texas,Galveston County,49.5
Virginia,Prince Edward County,49.7
Wisconsin,Rock County,49.2
Washington,San Juan County,48.6
Washington,Snohomish County,50
Washington,Wahkiakum County,50.3
Virginia,Cumberland County,48.4
Virginia,Essex County,47.3
Virginia,Fairfax County,49.4
Massachusetts,Norfolk County,47.9
Massachusetts,Plymouth County,48.6
Nebraska,Furnas County,48.9
Nebraska,Greeley County,50.4
Nebraska,Harlan County,50.3
Nebraska,Hooker County,47
Nebraska,Jefferson County,49.3
Nebraska,Keya Paha County,50.4
Wisconsin,Milwaukee County,48.3
Wisconsin,Oconto County,51
Virginia,Rockbridge County,49.3
Virginia,Scott County,49.6
Virginia,Southampton County,52.1
Virginia,Giles County,49
Virginia,Grayson County,49
Virginia,Halifax County,47.7
Virginia,Hanover County,49.1
Virginia,Highland County,49.9
Virginia,Isle of Wight County,48.7
Florida,Calhoun County,54.4
Indiana,Gibson County,49.5
Georgia,Heard County,49.7
Kansas,Franklin County,49.5
Minnesota,Chippewa County,49
Michigan,Barry County,50.2
Missouri,Shelby County,49